JUSTICE,PHRASE,AT_WINNER_COUNT,AT_LOSER_COUNT,AT_WINNER_PERCENT,AT_LOSER_PERCENT,SGD_LOG_SCORE,NB_LOG_SCORE,RF_IMP_SCORE
ROBERTS,thank you counsel,0,0,,,,-4.502652764612935,0.017941748400393934
ROBERTS,thank you mr,0,0,,,,-5.630952035857481,0.004577250565559468
ROBERTS,in other words,11,9,0.55,0.44999999999999996,,-5.806212612477826,0.003989390216166976
ROBERTS,with respect to,37,34,0.5211267605633803,0.47887323943661975,,-5.864772725681193,0.0027342317937299053
ROBERTS,going to be,50,42,0.5434782608695652,0.4565217391304348,,-5.954427215342184,0.0027142168047464567
ROBERTS,seems to me,58,55,0.5132743362831859,0.48672566371681414,-0.3596082222264567,-5.9734773946125,0.0028674344745826365
ROBERTS,it seems to,31,35,0.4696969696969697,0.5303030303030303,-0.47945855920712066,-6.114355686367319,0.004313767962083467
ROBERTS,you have to,37,34,0.5211267605633803,0.47887323943661975,,-6.126123101596351,0.002772659969488679
ROBERTS,the district court,19,10,0.6551724137931034,0.3448275862068966,,-6.1660370361951395,0.0042890124992870675
ROBERTS,are going to,36,18,0.6666666666666666,0.33333333333333337,0.7142089739557335,-6.167949328007481,0.0023525136726614284
ROBERTS,is going to,31,32,0.49206349206349204,0.5079365079365079,-0.41163519129344617,-6.263918172432442,0.001834693471381581
ROBERTS,not going to,35,25,0.5833333333333334,0.41666666666666663,,-6.2725722926357275,0.0014968151677276515
ROBERTS,that would be,23,15,0.6052631578947368,0.39473684210526316,,-6.276714067551466,0.002134937848014329
ROBERTS,your answer to,14,8,0.6363636363636364,0.36363636363636365,0.37589327570460385,-6.294352308609237,0.0017000752472081072
ROBERTS,why dont you,2,5,0.2857142857142857,0.7142857142857143,0.5442487412025862,-6.3139005442645555,0.002102342919924765
ROBERTS,you dont have,16,15,0.5161290322580645,0.4838709677419355,,-6.328982540914638,0.0016333251507938407
ROBERTS,it would be,23,13,0.6388888888888888,0.36111111111111116,0.5046217929807386,-6.342148353534485,
ROBERTS,do you have,8,7,0.5333333333333333,0.4666666666666667,,-6.358907283634659,0.0036304688606561995
ROBERTS,the case is,11,1,0.9166666666666666,0.08333333333333337,,-6.359945567464843,0.0028160585395128317
ROBERTS,answer to justice,0,0,,,0.3398451525024865,-6.3686625826224645,0.001376175891162343
ROBERTS,the fact that,30,15,0.6666666666666666,0.33333333333333337,,-6.382080655128669,0.001456646229155526
ROBERTS,on behalf of,6,0,1.0,0.0,0.6241926726726583,-6.384704510206657,
ROBERTS,would have thought,20,10,0.6666666666666666,0.33333333333333337,0.32763678791245865,-6.387147610140225,
ROBERTS,the other side,23,14,0.6216216216216216,0.3783783783783784,,-6.397016119407663,
ROBERTS,im not sure,0,0,,,,-6.397301281413842,0.0018910113684679523
ROBERTS,you can finish,0,0,,,0.7068032184290649,-6.4200557700191485,
ROBERTS,do you think,11,3,0.7857142857142857,0.2142857142857143,0.4817894172675134,-6.424105121599506,0.001143495169935045
ROBERTS,youve got to,16,10,0.6153846153846154,0.3846153846153846,0.3392209793317035,-6.431715701058007,0.0013893378783826538
ROBERTS,in that case,19,16,0.5428571428571428,0.4571428571428572,0.3779938569197863,-6.4328229438649664,
ROBERTS,to me that,32,25,0.5614035087719298,0.4385964912280702,,-6.438768192014614,
ROBERTS,on the other,18,15,0.5454545454545454,0.4545454545454546,,-6.453865986330115,
ROBERTS,in this case,28,31,0.4745762711864407,0.5254237288135593,-0.7922004008835808,-6.460592531828738,0.003060979582021502
ROBERTS,one of the,35,24,0.5932203389830508,0.4067796610169492,,-6.4682590652618375,0.0013738642170042109
ROBERTS,were talking about,12,3,0.8,0.19999999999999996,0.7679183605223073,-6.469131796656699,
ROBERTS,what if the,8,5,0.6153846153846154,0.3846153846153846,0.43657097890200514,-6.4711350563928836,
ROBERTS,dont have to,19,18,0.5135135135135135,0.4864864864864865,,-6.523273839005124,0.0014922364226224866
ROBERTS,can finish your,10,2,0.8333333333333334,0.16666666666666663,0.5418287979396016,-6.537647310523038,
ROBERTS,whether or not,24,23,0.5106382978723404,0.4893617021276596,-0.37483565039636635,-6.539822877726137,0.0016062396000015792
ROBERTS,finish your sentence,0,0,,,-0.6121610445114305,-6.562222728066237,0.008940543909292439
ROBERTS,respect to the,18,17,0.5142857142857142,0.48571428571428577,,-6.572737420451212,
ROBERTS,case is submitted,9,10,0.47368421052631576,0.5263157894736843,-0.31723798797367875,-6.577580200315161,0.001599062215092934
ROBERTS,going to say,15,13,0.5357142857142857,0.4642857142857143,,-6.5977806598465865,
ROBERTS,to say that,15,10,0.6,0.4,0.30443671535396905,-6.599922715582434,
ROBERTS,the court of,12,2,0.8571428571428571,0.1428571428571429,0.5387236199201784,-6.605622313597787,
ROBERTS,if you have,22,19,0.5365853658536586,0.46341463414634143,-0.4712682782010853,-6.619530214281717,0.0019824257094801173
ROBERTS,oral argument of,0,0,,,0.5533429372627864,-6.620048442430658,
ROBERTS,is that the,27,24,0.5294117647058824,0.47058823529411764,-0.33453219542335233,-6.621344430841394,0.0015484647867057347
ROBERTS,what about the,2,2,0.5,0.5,0.5036699263835913,-6.6331029223900355,
ROBERTS,behalf of the,3,0,1.0,0.0,0.5599125571220285,-6.656521201506562,0.0012647585715309432
ROBERTS,were going to,19,21,0.475,0.525,-0.47232286806264284,-6.664593223627591,0.0020717444250812475
ROBERTS,court of appeals,8,4,0.6666666666666666,0.33333333333333337,,-6.665507999476715,
ROBERTS,you know the,20,14,0.5882352941176471,0.4117647058823529,,-6.680119089021074,0.0011661290912061359
ROBERTS,its going to,16,10,0.6153846153846154,0.3846153846153846,,-6.699867254904772,
ROBERTS,cause of action,8,5,0.6153846153846154,0.3846153846153846,,-6.719106670267349,0.0012109139610120918
ROBERTS,to look at,15,12,0.5555555555555556,0.4444444444444444,,-6.72707711315648,
ROBERTS,what do you,5,2,0.7142857142857143,0.2857142857142857,0.47663509070148985,-6.728192586965797,
ROBERTS,as opposed to,13,14,0.48148148148148145,0.5185185185185186,,-6.737928907998164,
ROBERTS,is there any,9,2,0.8181818181818182,0.18181818181818177,0.5996075551113325,-6.738651838178842,
ROBERTS,because of the,16,3,0.8421052631578947,0.1578947368421053,0.6226533766576062,-6.753286361062706,
ROBERTS,dont want to,13,10,0.5652173913043478,0.4347826086956522,,-6.757125950050046,
ROBERTS,theyre going to,10,5,0.6666666666666666,0.33333333333333337,0.3864872882984585,-6.7579753611388265,
ROBERTS,what is the,9,8,0.5294117647058824,0.47058823529411764,-0.33458273370614433,-6.76890169287079,0.0021199508206279235
ROBERTS,counsel the case,0,0,,,-0.6121892744535835,-6.771788866712734,0.002764368972587024
ROBERTS,thank you general,0,0,,,0.7116627911429161,-6.774128939257032,
ROBERTS,there is no,12,10,0.5454545454545454,0.4545454545454546,,-6.775229178228967,0.0012513576744739795
ROBERTS,on the merits,12,3,0.8,0.19999999999999996,0.5324004396073273,-6.779101511435734,
ROBERTS,there would be,11,9,0.55,0.44999999999999996,,-6.785103367964007,
ROBERTS,be able to,15,17,0.46875,0.53125,,-6.785429376247304,0.0013592586915856175
ROBERTS,to do that,11,10,0.5238095238095238,0.47619047619047616,,-6.787170614596632,0.002461362369229564
ROBERTS,statute of limitations,7,4,0.6363636363636364,0.36363636363636365,0.3267237855816246,-6.797100970420627,
ROBERTS,the attorney general,1,0,1.0,0.0,0.6835495637369083,-6.8070006431445345,
ROBERTS,so you think,2,0,1.0,0.0,,-6.812167091101042,
ROBERTS,you think that,11,4,0.7333333333333333,0.2666666666666667,0.27418401678657495,-6.820763100119203,
ROBERTS,the other way,9,7,0.5625,0.4375,,-6.822330156558031,
ROBERTS,seem to me,13,7,0.65,0.35,0.3120216145043656,-6.824724940124031,
ROBERTS,the ninth circuit,0,0,,,0.7964615295828642,-6.826380690920612,
ROBERTS,how do you,5,4,0.5555555555555556,0.4444444444444444,0.31733326127634676,-6.83383186333228,
ROBERTS,if you dont,8,8,0.5,0.5,,-6.835585574731487,
ROBERTS,the point is,11,3,0.7857142857142857,0.2142857142857143,0.5661267358375642,-6.839486523995526,
ROBERTS,the united states,0,0,,,-0.3766968378731187,-6.839576199586373,0.003939950488006563
ROBERTS,the sort of,8,5,0.6153846153846154,0.3846153846153846,0.45118300383837173,-6.841927297919437,
ROBERTS,do you do,11,2,0.8461538461538461,0.15384615384615385,0.5704740705455442,-6.846893881201102,
ROBERTS,be subject to,9,3,0.75,0.25,0.43352235892209684,-6.867094682357305,
ROBERTS,you have an,18,14,0.5625,0.4375,0.2776322778543512,-6.871123591881883,
ROBERTS,youre talking about,7,9,0.4375,0.5625,,-6.87417773901179,0.0015077059852525243
ROBERTS,youre going to,11,11,0.5,0.5,-0.34383759580622986,-6.8789100972391095,0.002428333559167688
ROBERTS,say that the,11,9,0.55,0.44999999999999996,0.33609702498654587,-6.878993400494339,
ROBERTS,to me to,14,15,0.4827586206896552,0.5172413793103448,-0.4341355101186943,-6.879285874817431,
ROBERTS,in the statute,10,1,0.9090909090909091,0.09090909090909094,0.7125322843453791,-6.8806946622453005,
ROBERTS,friend on the,10,6,0.625,0.375,0.27946426825085174,-6.883530112647502,
ROBERTS,you would have,10,11,0.47619047619047616,0.5238095238095238,,-6.885978671835668,
ROBERTS,you think its,9,7,0.5625,0.4375,0.294246725494664,-6.890130316761603,
ROBERTS,to be that,8,5,0.6153846153846154,0.3846153846153846,0.4026776434780536,-6.891146467393382,
ROBERTS,is that you,14,6,0.7,0.30000000000000004,0.3556072347533854,-6.891613932314263,
ROBERTS,would have been,11,4,0.7333333333333333,0.2666666666666667,,-6.892118277580453,
ROBERTS,part of the,16,11,0.5925925925925926,0.40740740740740744,,-6.895970219734194,
ROBERTS,your position is,6,5,0.5454545454545454,0.4545454545454546,0.25941385301324765,-6.896644323634902,
ROBERTS,has to be,12,10,0.5454545454545454,0.4545454545454546,,-6.898386851264216,
ROBERTS,in light of,8,5,0.6153846153846154,0.3846153846153846,0.3285686816867306,-6.910366288741645,
KENNEDY,seems to me,105,70,0.6,0.4,-0.29744331842883964,-5.4047216556373865,0.0037571780811285304
KENNEDY,it seems to,77,55,0.5833333333333334,0.41666666666666663,-0.5559621681925881,-5.4579273940508015,0.00588893658590444
KENNEDY,to me that,69,38,0.6448598130841121,0.3551401869158879,,-5.6666420240555375,0.0033761220691488967
KENNEDY,whether or not,51,23,0.6891891891891891,0.31081081081081086,0.7685964829061231,-5.706257828805057,0.001566426105772235
KENNEDY,in this case,50,27,0.6493506493506493,0.35064935064935066,0.32648149881665073,-5.734185345872035,0.00207390313730171
KENNEDY,to say that,40,23,0.6349206349206349,0.3650793650793651,,-5.975115340456005,0.0022647097640475715
KENNEDY,of the case,28,13,0.6829268292682927,0.31707317073170727,0.7030810793570113,-6.008692891519553,0.0013087374018865433
KENNEDY,you have to,29,12,0.7073170731707317,0.29268292682926833,,-6.0332464820913305,0.005653944520861436
KENNEDY,im not sure,0,0,,,0.3646920328318388,-6.065141328296292,
KENNEDY,has to be,31,14,0.6888888888888889,0.3111111111111111,,-6.108183700800595,0.001558718524805827
KENNEDY,is that the,31,11,0.7380952380952381,0.26190476190476186,,-6.152478325924212,0.002676304757733249
KENNEDY,the district court,24,12,0.6666666666666666,0.33333333333333337,-0.4323865698534267,-6.177628101960215,0.007320087780008427
KENNEDY,what is the,15,6,0.7142857142857143,0.2857142857142857,0.9062358904598574,-6.223270799784393,
KENNEDY,it would be,20,6,0.7692307692307693,0.23076923076923073,0.766861868932386,-6.235339486676345,0.002069822373049319
KENNEDY,going to be,24,15,0.6153846153846154,0.3846153846153846,,-6.240235482216568,0.0027569132616019182
KENNEDY,that there is,25,23,0.5208333333333334,0.47916666666666663,-0.588751486284701,-6.242848338966451,0.0033961427046613852
KENNEDY,you tell me,24,7,0.7741935483870968,0.22580645161290325,0.661821020996811,-6.261985841719047,
KENNEDY,are you saying,12,3,0.8,0.19999999999999996,0.5919355370614376,-6.275957495139417,
KENNEDY,we have to,23,10,0.696969696969697,0.303030303030303,0.6496085420781257,-6.32332547235946,
KENNEDY,do you have,11,7,0.6111111111111112,0.38888888888888884,,-6.325023064596734,0.0014787758352032294
KENNEDY,in your view,16,11,0.5925925925925926,0.40740740740740744,0.3222004982412824,-6.3293035050092,0.001548976441499492
KENNEDY,can you tell,7,1,0.875,0.125,0.6472865361978382,-6.337332737376271,
KENNEDY,do you think,16,7,0.6956521739130435,0.30434782608695654,,-6.375790122190565,0.0011325336347926124
KENNEDY,you saying that,12,5,0.7058823529411765,0.2941176470588235,0.5715741159253719,-6.412906990675488,
KENNEDY,the fact that,20,19,0.5128205128205128,0.4871794871794872,-0.6029003823080714,-6.415556420126116,0.004495911940165374
KENNEDY,but it seems,15,7,0.6818181818181818,0.31818181818181823,,-6.4183459874756785,
KENNEDY,and so forth,24,16,0.6,0.4,-0.4295163035375916,-6.449556236440973,0.006008569133394752
KENNEDY,in order to,20,16,0.5555555555555556,0.4444444444444444,-0.5340605313522283,-6.45194787878247,0.003752201582244545
KENNEDY,were going to,22,5,0.8148148148148148,0.18518518518518523,0.5612588173726528,-6.468278033917577,
KENNEDY,the court of,16,7,0.6956521739130435,0.30434782608695654,,-6.491417929521345,
KENNEDY,that there was,21,8,0.7241379310344828,0.27586206896551724,,-6.5068734829152,0.004306139214883683
KENNEDY,with respect to,11,4,0.7333333333333333,0.2666666666666667,0.5790326884353063,-6.514662891081221,
KENNEDY,part of the,20,18,0.5263157894736842,0.4736842105263158,-0.45268704347962846,-6.515498038823247,0.0011197056568903205
KENNEDY,that this is,22,15,0.5945945945945946,0.4054054054054054,-0.42122089155984416,-6.515981702735567,0.00325443334367594
KENNEDY,the question is,13,4,0.7647058823529411,0.23529411764705888,,-6.5245872914846315,
KENNEDY,as matter of,0,1,0.0,1.0,0.44595639673765836,-6.534846369584412,
KENNEDY,you want us,18,9,0.6666666666666666,0.33333333333333337,-0.33172464284252534,-6.539056354472901,0.0016635504457484262
KENNEDY,go to the,18,1,0.9473684210526315,0.052631578947368474,0.956567908426946,-6.551840690975002,
KENNEDY,court of appeals,13,9,0.5909090909090909,0.40909090909090906,,-6.553735244755356,0.00108688779308667
KENNEDY,one of the,13,10,0.5652173913043478,0.4347826086956522,,-6.554517359196236,0.0016769087621229736
KENNEDY,want us to,20,16,0.5555555555555556,0.4444444444444444,-0.3316513943570529,-6.5714680907884935,0.0021613909602157064
KENNEDY,would it be,10,3,0.7692307692307693,0.23076923076923073,,-6.574587260806277,0.00337099372850168
KENNEDY,of the statute,17,6,0.7391304347826086,0.26086956521739135,0.47774085516268905,-6.5826017506365435,
KENNEDY,cause of action,11,4,0.7333333333333333,0.2666666666666667,0.8043493412171325,-6.590483840134876,
KENNEDY,is there some,12,3,0.8,0.19999999999999996,0.8674561219971041,-6.594472652205102,
KENNEDY,it has to,13,6,0.6842105263157895,0.3157894736842105,,-6.597808379374889,0.0010736765721872123
KENNEDY,you say that,16,7,0.6956521739130435,0.30434782608695654,0.34081998197176044,-6.599630631342928,
KENNEDY,back to the,14,7,0.6666666666666666,0.33333333333333337,,-6.624236584430103,0.0011993517472904355
KENNEDY,in other words,1,4,0.2,0.8,-0.8921526972082136,-6.627140744825101,0.007452959901627239
KENNEDY,you agree that,11,2,0.8461538461538461,0.15384615384615385,0.3673186179380345,-6.627623433855634,
KENNEDY,that if the,21,10,0.6774193548387096,0.32258064516129037,,-6.630167517688594,0.0028058092738865296
KENNEDY,not sure that,13,3,0.8125,0.1875,0.5057990822258644,-6.630791317461254,
KENNEDY,if you have,10,4,0.7142857142857143,0.2857142857142857,0.5206667070260519,-6.632353508114278,
KENNEDY,to show that,14,7,0.6666666666666666,0.33333333333333337,,-6.637388091308228,
KENNEDY,of your argument,13,4,0.7647058823529411,0.23529411764705888,0.5600442682630409,-6.63919611542699,
KENNEDY,if there is,12,5,0.7058823529411765,0.2941176470588235,0.4347639484779337,-6.649426169814072,
KENNEDY,seem to me,19,9,0.6785714285714286,0.3214285714285714,,-6.650671324861527,0.001351327143104015
KENNEDY,that the court,9,3,0.75,0.25,0.5539027958619441,-6.66626187903362,
KENNEDY,that in the,15,6,0.7142857142857143,0.2857142857142857,,-6.672338561535993,
KENNEDY,and this is,11,1,0.9166666666666666,0.08333333333333337,0.6572648694435467,-6.679849273401841,
KENNEDY,saying that the,17,10,0.6296296296296297,0.37037037037037035,0.3333415550684818,-6.686919178225962,
KENNEDY,your answer to,15,6,0.7142857142857143,0.2857142857142857,,-6.6896270224317576,
KENNEDY,have the same,15,4,0.7894736842105263,0.21052631578947367,0.46811864540706594,-6.691393224981786,
KENNEDY,you think that,10,3,0.7692307692307693,0.23076923076923073,0.6395561396470572,-6.7034684618690115,
KENNEDY,is going to,15,9,0.625,0.375,,-6.705848433955458,
KENNEDY,all of the,15,4,0.7894736842105263,0.21052631578947367,0.3733052195222059,-6.713675438919204,0.0017806444662666167
KENNEDY,based on the,8,3,0.7272727272727273,0.2727272727272727,0.42300260954296814,-6.719782825946798,
KENNEDY,you want to,12,8,0.6,0.4,,-6.72270969805678,0.0015468138340089996
KENNEDY,answer to justice,0,0,,,,-6.730803784304818,0.0011366104613239315
KENNEDY,this is not,11,7,0.6111111111111112,0.38888888888888884,,-6.731234357882967,
KENNEDY,the end of,15,4,0.7894736842105263,0.21052631578947367,0.4046598835488613,-6.73964632159465,
KENNEDY,that there are,12,4,0.75,0.25,0.507162489079151,-6.7402752087609565,
KENNEDY,the chief justice,0,0,,,-0.2997611513033183,-6.745006245268778,0.0023870341010671574
KENNEDY,at that point,5,1,0.8333333333333334,0.16666666666666663,0.7825626870107807,-6.747643545892043,
KENNEDY,me that the,28,17,0.6222222222222222,0.37777777777777777,,-6.751597272856371,
KENNEDY,in the case,15,8,0.6521739130434783,0.34782608695652173,,-6.751746306491513,0.0045069839135828335
KENNEDY,going to say,11,3,0.7857142857142857,0.2142857142857143,0.63887479951555,-6.759366112551884,
KENNEDY,to the jury,10,3,0.7692307692307693,0.23076923076923073,0.5910074575770586,-6.763734814644321,
KENNEDY,under the statute,9,2,0.8181818181818182,0.18181818181818177,0.442900751017539,-6.766137045423431,
KENNEDY,your position that,9,6,0.6,0.4,,-6.770652729386102,
KENNEDY,there is no,16,8,0.6666666666666666,0.33333333333333337,,-6.77129273129806,
KENNEDY,were talking about,9,5,0.6428571428571429,0.3571428571428571,,-6.773025051217214,
KENNEDY,do we have,7,2,0.7777777777777778,0.2222222222222222,0.6826672512300438,-6.773690242461636,
KENNEDY,is it your,8,2,0.8,0.19999999999999996,,-6.774666006466196,
KENNEDY,lets assume that,7,6,0.5384615384615384,0.46153846153846156,,-6.778455069830829,
KENNEDY,let me ask,9,9,0.5,0.5,,-6.793830866394754,
KENNEDY,out of the,12,4,0.75,0.25,,-6.797894346337289,
KENNEDY,are there any,3,3,0.5,0.5,0.3102543434722509,-6.798490723757781,
KENNEDY,that the government,11,6,0.6470588235294118,0.3529411764705882,,-6.798566626970338,0.0013145164551617169
KENNEDY,that that is,11,1,0.9166666666666666,0.08333333333333337,0.53143169661764,-6.7988121391315275,
KENNEDY,and it seems,6,5,0.5454545454545454,0.4545454545454546,,-6.804526419652346,
KENNEDY,for the government,6,1,0.8571428571428571,0.1428571428571429,0.850365560028708,-6.807839761552554,
KENNEDY,your position is,8,1,0.8888888888888888,0.11111111111111116,0.48241019743636565,-6.812820113497001,
KENNEDY,my question is,7,4,0.6363636363636364,0.36363636363636365,,-6.822302913047231,
KENNEDY,not quite sure,11,1,0.9166666666666666,0.08333333333333337,0.6423956430441855,-6.824544517288996,
KENNEDY,or is it,4,2,0.6666666666666666,0.33333333333333337,,-6.827981167787766,
KENNEDY,what about the,6,4,0.6,0.4,-0.7575201701450289,-6.828308173401076,0.004943154913405498
KENNEDY,if we were,5,1,0.8333333333333334,0.16666666666666663,0.6860351259133486,-6.841252770450812,
KENNEDY,im not quite,0,0,,,0.6300651544640468,-6.846396024587792,
KENNEDY,there has to,10,3,0.7692307692307693,0.23076923076923073,0.35832888106476934,-6.848535102404564,
SOTOMAYOR,how do you,19,10,0.6551724137931034,0.3448275862068966,0.7412121637350385,-5.9387368234326114,0.0024795850676374532
SOTOMAYOR,with respect to,33,21,0.6111111111111112,0.38888888888888884,,-5.9401286613083375,0.0025955354226536776
SOTOMAYOR,im not sure,0,0,,,0.4104099503363322,-5.983020486911883,0.00144142665451225
SOTOMAYOR,has to be,32,19,0.6274509803921569,0.37254901960784315,0.7869364093401394,-5.989227314524587,0.004421334937187359
SOTOMAYOR,the district court,18,9,0.6666666666666666,0.33333333333333337,0.4935176050426252,-6.021603221008627,0.0012708111293920758
SOTOMAYOR,go back to,29,23,0.5576923076923077,0.4423076923076923,,-6.045926916791662,0.008193501326474294
SOTOMAYOR,you have to,26,23,0.5306122448979592,0.4693877551020408,,-6.131687878928402,0.0029778242601515665
SOTOMAYOR,not going to,17,17,0.5,0.5,0.3985020396888602,-6.229635123460903,0.0012436277393811012
SOTOMAYOR,you tell me,21,21,0.5,0.5,,-6.256671633320797,
SOTOMAYOR,in this case,18,11,0.6206896551724138,0.3793103448275862,,-6.261287115153639,0.001198287885992171
SOTOMAYOR,one of the,26,19,0.5777777777777777,0.4222222222222223,0.4936823115174497,-6.2651204410985,
SOTOMAYOR,back to justice,0,0,,,1.1560029397378546,-6.268130477830382,0.0030701316232375703
SOTOMAYOR,part of the,16,13,0.5517241379310345,0.4482758620689655,0.3150065633350546,-6.279972963095514,0.00146157780415615
SOTOMAYOR,there is no,20,8,0.7142857142857143,0.2857142857142857,0.42948005763758307,-6.316816792373859,
SOTOMAYOR,all right so,0,0,,,,-6.322525869933256,0.0018995625173488973
SOTOMAYOR,the fact that,14,14,0.5,0.5,,-6.352125754817775,
SOTOMAYOR,going back to,11,6,0.6470588235294118,0.3529411764705882,0.4714810279542707,-6.364684307237269,
SOTOMAYOR,go to the,11,8,0.5789473684210527,0.42105263157894735,,-6.373097489112274,
SOTOMAYOR,how do we,17,11,0.6071428571428571,0.3928571428571429,,-6.401448443843433,0.0021526960906412735
SOTOMAYOR,in the record,9,2,0.8181818181818182,0.18181818181818177,1.1240929274271036,-6.403233158482447,
SOTOMAYOR,it has to,11,11,0.5,0.5,,-6.403334380545159,
SOTOMAYOR,what do you,7,5,0.5833333333333334,0.41666666666666663,0.8548924383205148,-6.4152078045789835,0.0014240015513987533
SOTOMAYOR,they have to,18,13,0.5806451612903226,0.4193548387096774,,-6.426564095153638,
SOTOMAYOR,is there any,3,3,0.5,0.5,0.6852844005754625,-6.428705242785051,
SOTOMAYOR,do you think,9,7,0.5625,0.4375,-0.666947889680624,-6.451895473313691,0.0027899844669395067
SOTOMAYOR,is going to,20,18,0.5263157894736842,0.4736842105263158,,-6.454563474682763,
SOTOMAYOR,that there is,14,10,0.5833333333333334,0.41666666666666663,,-6.454922162457729,
SOTOMAYOR,whether or not,16,10,0.6153846153846154,0.3846153846153846,,-6.471974587548478,0.003307965388328947
SOTOMAYOR,im not quite,0,0,,,0.5738603754275541,-6.479861680309737,0.0024068204403005443
SOTOMAYOR,the united states,0,0,,,,-6.48942056440959,0.001656427008584089
SOTOMAYOR,all of the,22,27,0.4489795918367347,0.5510204081632653,,-6.492379602995507,
SOTOMAYOR,going to be,20,21,0.4878048780487805,0.5121951219512195,-0.3659703787870265,-6.4931028165016915,0.0014653387787559944
SOTOMAYOR,to do with,15,14,0.5172413793103449,0.48275862068965514,,-6.493519029750105,0.002441863433939
SOTOMAYOR,the second circuit,0,0,,,0.902439794847264,-6.502969163971853,
SOTOMAYOR,is that the,15,11,0.5769230769230769,0.42307692307692313,0.34807045028696365,-6.504377951158183,0.001426643279879046
SOTOMAYOR,not quite sure,11,3,0.7857142857142857,0.2142857142857143,0.5092239541477687,-6.508408461538261,0.0015967996353990948
SOTOMAYOR,what is the,7,6,0.5384615384615384,0.46153846153846156,,-6.523136963071844,
SOTOMAYOR,that kind of,9,1,0.9,0.09999999999999998,1.2214000281490547,-6.523876568313984,
SOTOMAYOR,what youre saying,12,14,0.46153846153846156,0.5384615384615384,,-6.526886975371933,
SOTOMAYOR,as opposed to,12,13,0.48,0.52,,-6.53284026056143,
SOTOMAYOR,that there was,12,11,0.5217391304347826,0.4782608695652174,,-6.5361435810712845,
SOTOMAYOR,back to the,12,11,0.5217391304347826,0.4782608695652174,-0.5117559288860611,-6.544591829718596,0.0026744042778696626
SOTOMAYOR,that it was,11,9,0.55,0.44999999999999996,,-6.55831222042883,
SOTOMAYOR,it cant be,11,4,0.7333333333333333,0.2666666666666667,0.8964949354754124,-6.561674939926217,
SOTOMAYOR,we have to,13,10,0.5652173913043478,0.4347826086956522,,-6.573338108297973,0.0015714206924331165
SOTOMAYOR,could you tell,2,3,0.4,0.6,,-6.5825257625566955,
SOTOMAYOR,what would be,2,3,0.4,0.6,,-6.596203465051634,
SOTOMAYOR,part of your,10,3,0.7692307692307693,0.23076923076923073,0.5652269189111596,-6.596708946984253,
SOTOMAYOR,that this is,11,8,0.5789473684210527,0.42105263157894735,,-6.597350030997877,
SOTOMAYOR,so its not,2,0,1.0,0.0,0.5858014118782622,-6.630740148769108,
SOTOMAYOR,were going to,14,11,0.56,0.43999999999999995,,-6.631170408882771,0.003656205665754612
SOTOMAYOR,what you are,12,9,0.5714285714285714,0.4285714285714286,,-6.640223899421649,
SOTOMAYOR,you want to,10,10,0.5,0.5,,-6.641019961531936,
SOTOMAYOR,you dont think,3,2,0.6,0.4,0.37046961521770916,-6.641158827096411,
SOTOMAYOR,there is an,6,3,0.6666666666666666,0.33333333333333337,0.4554294166153464,-6.644955579984732,
SOTOMAYOR,under your theory,8,3,0.7272727272727273,0.2727272727272727,0.5793799084785525,-6.648095600617291,
SOTOMAYOR,have to do,11,8,0.5789473684210527,0.42105263157894735,,-6.64858259055088,
SOTOMAYOR,can you tell,1,0,1.0,0.0,0.779130683854275,-6.650112489258047,
SOTOMAYOR,do you have,4,5,0.4444444444444444,0.5555555555555556,-0.5655643534816713,-6.6532953693635335,0.0067646388649346715
SOTOMAYOR,why isnt the,7,3,0.7,0.30000000000000004,0.6243679406262196,-6.654185519512584,
SOTOMAYOR,lets assume that,4,1,0.8,0.19999999999999996,0.44208200077306464,-6.656441165436286,
SOTOMAYOR,in your brief,12,11,0.5217391304347826,0.4782608695652174,,-6.660646644770046,
SOTOMAYOR,in that situation,6,1,0.8571428571428571,0.1428571428571429,0.881601174993672,-6.66387671678108,
SOTOMAYOR,dont know that,6,10,0.375,0.625,,-6.664461542792775,
SOTOMAYOR,we were to,10,5,0.6666666666666666,0.33333333333333337,,-6.6685963053462185,
SOTOMAYOR,the court below,7,9,0.4375,0.5625,,-6.669997510063195,0.0014794050451054663
SOTOMAYOR,tell me why,9,2,0.8181818181818182,0.18181818181818177,0.541476027811681,-6.670487475085296,
SOTOMAYOR,dont want to,9,9,0.5,0.5,,-6.677193212434118,
SOTOMAYOR,there was no,9,8,0.5294117647058824,0.47058823529411764,,-6.683728464113963,
SOTOMAYOR,the difference between,9,2,0.8181818181818182,0.18181818181818177,,-6.686861211006826,
SOTOMAYOR,if we were,4,2,0.6666666666666666,0.33333333333333337,0.5939300540522321,-6.688587687753438,
SOTOMAYOR,to say that,11,12,0.4782608695652174,0.5217391304347826,-0.6089531253414335,-6.693005013158029,0.002113221821934916
SOTOMAYOR,justice alitos question,0,0,,,0.819059193038951,-6.693054752592455,
SOTOMAYOR,at the time,9,8,0.5294117647058824,0.47058823529411764,,-6.697605502773248,0.0013100557241249953
SOTOMAYOR,look at the,11,5,0.6875,0.3125,0.5751866191916576,-6.699278435818688,
SOTOMAYOR,to go to,7,3,0.7,0.30000000000000004,0.568197334394171,-6.701108910189006,
SOTOMAYOR,going to do,10,10,0.5,0.5,,-6.7032066241550465,
SOTOMAYOR,were talking about,4,3,0.5714285714285714,0.4285714285714286,0.5604936665076503,-6.703253816902496,
SOTOMAYOR,if there is,7,2,0.7777777777777778,0.2222222222222222,0.5728180343091296,-6.711418515343734,
SOTOMAYOR,asking us to,10,8,0.5555555555555556,0.4444444444444444,-0.36147829915577706,-6.723007311604546,0.001555767030251537
SOTOMAYOR,justice breyers question,0,0,,,0.610184578901946,-6.727091295257698,
SOTOMAYOR,its not that,1,1,0.5,0.5,0.6019856547539517,-6.734071586461215,
SOTOMAYOR,the other side,8,6,0.5714285714285714,0.4285714285714286,,-6.741019079838817,
SOTOMAYOR,why dont we,7,7,0.5,0.5,0.3740269715548439,-6.741446130005786,
SOTOMAYOR,there any other,6,1,0.8571428571428571,0.1428571428571429,0.6070499292211844,-6.746617414829057,
SOTOMAYOR,of your argument,9,4,0.6923076923076923,0.3076923076923077,,-6.74713524066237,
SOTOMAYOR,do you do,5,3,0.625,0.375,0.5789447826052702,-6.75054682085343,
SOTOMAYOR,the issue of,8,5,0.6153846153846154,0.3846153846153846,,-6.754741099363438,
SOTOMAYOR,do with the,6,8,0.42857142857142855,0.5714285714285714,-0.5047284422578645,-6.756292829994521,0.0027683558515055385
SOTOMAYOR,to do that,7,5,0.5833333333333334,0.41666666666666663,,-6.758262259530054,0.0017200686090471495
SOTOMAYOR,what do we,5,3,0.625,0.375,0.3496860084500981,-6.762642814554365,
SOTOMAYOR,the basis of,9,12,0.42857142857142855,0.5714285714285714,-0.36070720239269316,-6.768174117044946,0.002506807357513459
SOTOMAYOR,to figure out,8,10,0.4444444444444444,0.5555555555555556,,-6.7685934073120535,
SOTOMAYOR,is it your,6,1,0.8571428571428571,0.1428571428571429,0.7087771173245441,-6.773302966355307,
SOTOMAYOR,that you cant,6,4,0.6,0.4,0.5968526262967921,-6.7827253867728725,
SOTOMAYOR,tell me what,9,11,0.45,0.55,-0.4716570801211352,-6.785501565822232,
SOTOMAYOR,theyre going to,6,2,0.75,0.25,0.8475580774528554,-6.789563179605052,
SOTOMAYOR,doesnt have to,9,2,0.8181818181818182,0.18181818181818177,0.7038108601129233,-6.799438973468851,
SOTOMAYOR,are going to,9,12,0.42857142857142855,0.5714285714285714,,-6.800272167877431,
SOTOMAYOR,but lets assume,6,0,1.0,0.0,0.8582393640711062,-6.801815975274315,
SCALIA,you have to,57,34,0.6263736263736264,0.37362637362637363,0.7202177423048295,-5.966657992096506,0.00267135386109008
SCALIA,seems to me,96,87,0.5245901639344263,0.47540983606557374,,-5.988988746914604,0.004553576724732284
SCALIA,it seems to,53,55,0.49074074074074076,0.5092592592592593,,-6.015162202044749,0.0034072893853714344
SCALIA,there is no,36,16,0.6923076923076923,0.3076923076923077,,-6.4609673047117635,
SCALIA,im not sure,0,0,,,0.3631339180954581,-6.5654704344963735,0.0023051060330512895
SCALIA,the united states,0,0,,,0.35312506156045215,-6.577275620907103,
SCALIA,that would be,27,5,0.84375,0.15625,0.9625648611980612,-6.579891344332375,0.0018412774678403501
SCALIA,going to be,26,27,0.49056603773584906,0.5094339622641509,,-6.5922048202274794,0.0011335250608639407
SCALIA,you say that,32,23,0.5818181818181818,0.4181818181818182,0.47244834673190284,-6.59464536983301,0.001399285297733422
SCALIA,it would be,30,19,0.6122448979591837,0.3877551020408163,,-6.620090353307298,0.001979924876793343
SCALIA,the fact that,32,22,0.5925925925925926,0.40740740740740744,,-6.675965852553731,0.002602006439480858
SCALIA,were going to,17,16,0.5151515151515151,0.48484848484848486,0.2872301595587129,-6.692442057542599,
SCALIA,has to be,34,30,0.53125,0.46875,-0.6230849933051302,-6.714144503845599,0.0028900912626032378
SCALIA,one of the,37,32,0.5362318840579711,0.46376811594202894,,-6.735305021870556,
SCALIA,the same thing,20,13,0.6060606060606061,0.3939393939393939,0.4788790958508764,-6.739751933070407,
SCALIA,part of the,24,16,0.6,0.4,,-6.753948238369898,0.0018341819142950416
SCALIA,dont have to,33,21,0.6111111111111112,0.38888888888888884,,-6.76210710258968,0.0019004360395064937
SCALIA,court of appeals,18,9,0.6666666666666666,0.33333333333333337,0.3589366471966616,-6.780006088916271,
SCALIA,the court of,13,11,0.5416666666666666,0.45833333333333337,0.3627494708905555,-6.78439028710879,
SCALIA,what do you,13,8,0.6190476190476191,0.38095238095238093,,-6.787927823413183,0.001502884300631619
SCALIA,what was the,7,5,0.5833333333333334,0.41666666666666663,,-6.806637267303099,0.0017475618769815058
SCALIA,what is the,17,10,0.6296296296296297,0.37037037037037035,,-6.832084780203168,0.00337182895935518
SCALIA,you want to,20,21,0.4878048780487805,0.5121951219512195,,-6.839585639464173,0.004607787519731094
SCALIA,you dont have,18,14,0.5625,0.4375,,-6.851154036794393,
SCALIA,why do you,7,5,0.5833333333333334,0.41666666666666663,0.30029674702381454,-6.860622497734514,
SCALIA,do you have,10,4,0.7142857142857143,0.2857142857142857,,-6.869141044144389,0.0017600215356972915
SCALIA,have to be,33,16,0.673469387755102,0.326530612244898,0.31665129705914447,-6.876046545018031,
SCALIA,is that the,33,22,0.6,0.4,,-6.879221483148794,
SCALIA,the other side,24,22,0.5217391304347826,0.4782608695652174,-0.645215696215449,-6.880220852140289,0.0045316750886620315
SCALIA,on the basis,22,18,0.55,0.44999999999999996,,-6.887080472041991,0.0011949679881620278
SCALIA,do you think,10,6,0.625,0.375,,-6.887545950609493,
SCALIA,that there is,24,15,0.6153846153846154,0.3846153846153846,,-6.889772491541477,
SCALIA,so long as,22,10,0.6875,0.3125,,-6.895886500022325,0.0023684851530083838
SCALIA,want us to,17,16,0.5151515151515151,0.48484848484848486,,-6.902000000220589,
SCALIA,in this case,25,25,0.5,0.5,,-6.904864605110243,0.0011954064534514632
SCALIA,to do with,17,16,0.5151515151515151,0.48484848484848486,,-6.908048497627331,
SCALIA,with respect to,16,9,0.64,0.36,,-6.909829150946101,
SCALIA,in order to,20,17,0.5405405405405406,0.45945945945945943,,-6.9412311257023145,0.0011300435813953985
SCALIA,in your brief,10,11,0.47619047619047616,0.5238095238095238,,-6.9472624350587004,0.0010703701968589835
SCALIA,is there any,8,6,0.5714285714285714,0.4285714285714286,0.4205882834628704,-6.94848204369815,
SCALIA,is going to,20,18,0.5263157894736842,0.4736842105263158,,-6.962332628864299,0.002030880847896736
SCALIA,to say that,23,24,0.48936170212765956,0.5106382978723405,-0.720424806100988,-6.965817162052449,0.0018724933297834506
SCALIA,the basis of,20,18,0.5263157894736842,0.4736842105263158,,-6.969161312061807,
SCALIA,the federal government,0,0,,,,-6.971025652145284,
SCALIA,that it was,19,18,0.5135135135135135,0.4864864864864865,,-6.9776172450322385,
SCALIA,how do you,6,4,0.6,0.4,0.5001248458333827,-6.985472616855822,
SCALIA,you know the,23,17,0.575,0.42500000000000004,,-7.000527929178714,
SCALIA,to be the,21,11,0.65625,0.34375,,-7.004087460275199,
SCALIA,to me that,20,23,0.46511627906976744,0.5348837209302326,0.30906182085928824,-7.016088587094571,
SCALIA,of the statute,14,10,0.5833333333333334,0.41666666666666663,0.31644216012217985,-7.016186828273693,
SCALIA,you could say,8,11,0.42105263157894735,0.5789473684210527,,-7.032107777745075,
SCALIA,mean you know,10,4,0.7142857142857143,0.2857142857142857,0.5353903900709296,-7.047147112950112,
SCALIA,in the case,18,9,0.6666666666666666,0.33333333333333337,,-7.050023474001782,
SCALIA,all of the,27,16,0.627906976744186,0.37209302325581395,,-7.063856379547631,
SCALIA,you you dont,0,0,,,,-7.073224501425463,
SCALIA,cause of action,13,9,0.5909090909090909,0.40909090909090906,-0.3829963418975554,-7.08021182474179,0.0029229780030628257
SCALIA,the in the,0,1,0.0,1.0,,-7.080571003870755,
SCALIA,it in the,11,7,0.6111111111111112,0.38888888888888884,0.3103181147031461,-7.0825930214819675,
SCALIA,in the in,2,5,0.2857142857142857,0.7142857142857143,,-7.09562906613151,
SCALIA,do you say,7,8,0.4666666666666667,0.5333333333333333,,-7.100210895908619,0.0016650141083960266
SCALIA,thought you said,10,2,0.8333333333333334,0.16666666666666663,0.5312616272988613,-7.102618027416563,
SCALIA,you want us,12,13,0.48,0.52,,-7.103690434134617,
SCALIA,that the state,1,1,0.5,0.5,0.6605922172712241,-7.104058165767736,
SCALIA,that this is,15,11,0.5769230769230769,0.42307692307692313,,-7.112626432368859,
SCALIA,you say the,12,8,0.6,0.4,,-7.11298948217965,
SCALIA,we have to,18,13,0.5806451612903226,0.4193548387096774,,-7.1146475761745736,
SCALIA,do you agree,9,0,1.0,0.0,,-7.117932850946283,0.0030777385952012104
SCALIA,that it is,18,15,0.5454545454545454,0.4545454545454546,,-7.120221164007048,
SCALIA,would have been,17,17,0.5,0.5,-0.4522643989324778,-7.121536446213355,0.0012568285504710075
SCALIA,say that the,22,19,0.5365853658536586,0.46341463414634143,,-7.121813350888768,
SCALIA,are going to,13,14,0.48148148148148145,0.5185185185185186,,-7.122729531465805,
SCALIA,the to the,0,0,,,,-7.123494336100833,
SCALIA,that is not,11,9,0.55,0.44999999999999996,,-7.128219551587886,
SCALIA,you would say,7,4,0.6363636363636364,0.36363636363636365,,-7.138149495742491,
SCALIA,you think that,21,11,0.65625,0.34375,0.27686583482455557,-7.144132903118549,
SCALIA,dont know why,14,11,0.56,0.43999999999999995,,-7.152259584099356,
SCALIA,have to have,11,11,0.5,0.5,,-7.152962165962816,
SCALIA,to do that,15,9,0.625,0.375,,-7.154013085151463,0.0024449759660245952
SCALIA,doesnt have to,14,12,0.5384615384615384,0.46153846153846156,,-7.162516516315203,0.0021107777514791917
SCALIA,it has to,11,16,0.4074074074074074,0.5925925925925926,-0.6882324223837459,-7.165298427737959,0.0036849584537014916
SCALIA,you dont want,5,1,0.8333333333333334,0.16666666666666663,0.5760046407308737,-7.167794660614197,
SCALIA,if there is,13,8,0.6190476190476191,0.38095238095238093,,-7.169104636604571,
SCALIA,not going to,17,21,0.4473684210526316,0.5526315789473684,-0.725955239299164,-7.1692286698215,0.0026556410352107447
SCALIA,that what you,14,4,0.7777777777777778,0.2222222222222222,0.5772854345082643,-7.171168890453184,
SCALIA,by reason of,7,7,0.5,0.5,0.3788835100231533,-7.177888768057173,
SCALIA,would have thought,11,1,0.9166666666666666,0.08333333333333337,0.7171151754578586,-7.179816601272018,
SCALIA,be able to,19,16,0.5428571428571428,0.4571428571428572,,-7.180647389456411,
SCALIA,dont know that,11,5,0.6875,0.3125,0.2862340398611823,-7.182524413489492,
SCALIA,that is that,3,1,0.75,0.25,,-7.190617545218414,
SCALIA,was going to,10,5,0.6666666666666666,0.33333333333333337,0.3107625835525176,-7.198523845832295,
SCALIA,if it is,11,6,0.6470588235294118,0.3529411764705882,,-7.199463678928636,0.0018355769917375226
SCALIA,what what is,0,0,,,,-7.20688776220617,
SCALIA,by the way,9,5,0.6428571428571429,0.3571428571428571,0.35142444734871087,-7.206979160093787,
SCALIA,that was the,15,12,0.5555555555555556,0.4444444444444444,,-7.2096732281361176,
SCALIA,to go to,14,5,0.7368421052631579,0.26315789473684215,0.5006958203371312,-7.210355110442189,
SCALIA,at the time,17,18,0.4857142857142857,0.5142857142857142,,-7.211514758716984,
SCALIA,you dont think,7,0,1.0,0.0,0.4254051233102374,-7.2155217528364215,
SCALIA,you acknowledge that,6,5,0.5454545454545454,0.4545454545454546,0.32016976513477147,-7.218403485855612,
SCALIA,would have to,17,8,0.68,0.31999999999999995,,-7.219128939803182,
ALITO,do you think,21,16,0.5675675675675675,0.43243243243243246,0.39495667205356816,-5.3692825747199295,0.004934192465791971
ALITO,the district court,21,12,0.6363636363636364,0.36363636363636365,0.5930620180590633,-5.743452330634674,0.0035318746833612772
ALITO,that would be,19,13,0.59375,0.40625,0.7371943935763352,-5.775112016052903,0.0024981990891977104
ALITO,what is the,18,16,0.5294117647058824,0.47058823529411764,-0.7211059565648791,-5.889072147785296,0.010784108968921064
ALITO,one of the,21,14,0.6,0.4,1.1962833857878261,-5.8955650486779865,0.005180257789224793
ALITO,going to be,25,27,0.4807692307692308,0.5192307692307692,,-5.910353130665916,0.0023656829992678196
ALITO,the united states,0,0,,,,-5.920058655027175,0.0029826349853360567
ALITO,would that be,15,6,0.7142857142857143,0.2857142857142857,0.5048645184225028,-5.94677792572607,0.004067828985797423
ALITO,what if the,13,12,0.52,0.48,0.2737655087270645,-6.012686804114811,0.0016176359674190868
ALITO,is there any,7,5,0.5833333333333334,0.41666666666666663,0.39765457814951555,-6.0382583540694235,0.0032934685207166347
ALITO,in this case,15,27,0.35714285714285715,0.6428571428571428,-0.9193445450722193,-6.07636268757858,0.010233321618317697
ALITO,the case that,7,5,0.5833333333333334,0.41666666666666663,0.8719604515916345,-6.091169979855193,0.002035116136388564
ALITO,the fact that,17,13,0.5666666666666667,0.43333333333333335,,-6.0936183423021255,0.0027405086205493467
ALITO,would it be,13,2,0.8666666666666667,0.1333333333333333,,-6.096324738865791,0.004792831697009726
ALITO,not going to,15,8,0.6521739130434783,0.34782608695652173,0.9562156093454452,-6.116340208653542,0.0035542536773918955
ALITO,how do you,4,5,0.4444444444444444,0.5555555555555556,0.6474078830492175,-6.129986930970884,0.0017339481386708612
ALITO,what do you,5,4,0.5555555555555556,0.4444444444444444,0.33428582634174897,-6.142665114698753,0.0031272828982005342
ALITO,can ask you,0,0,,,1.2301437714283614,-6.147511245829179,0.003308457438233864
ALITO,court of appeals,13,9,0.5909090909090909,0.40909090909090906,0.3908992787804205,-6.150193748257672,0.001952238150732497
ALITO,has to be,17,18,0.4857142857142857,0.5142857142857142,-0.34934426588217404,-6.173849824272139,0.004953113675489824
ALITO,the court of,11,7,0.6111111111111112,0.38888888888888884,0.3780057292193785,-6.23577241614748,
ALITO,that there is,15,11,0.5769230769230769,0.42307692307692313,0.5069762440231363,-6.239387267826798,
ALITO,in that situation,8,19,0.2962962962962963,0.7037037037037037,-0.4032152738173326,-6.243241572530279,0.005422881069286925
ALITO,with respect to,11,21,0.34375,0.65625,-0.9398068230597477,-6.244220704643446,0.006661715163496071
ALITO,in which the,11,18,0.3793103448275862,0.6206896551724138,,-6.252719261071096,0.002601074753966307
ALITO,dont see how,12,7,0.631578947368421,0.368421052631579,0.605699999778241,-6.279970933993458,0.0014444129419073541
ALITO,to say that,8,13,0.38095238095238093,0.6190476190476191,,-6.2817839840466005,0.0012450396609979535
ALITO,you think that,15,19,0.4411764705882353,0.5588235294117647,,-6.2842716539362415,0.003143599849987268
ALITO,the person who,13,8,0.6190476190476191,0.38095238095238093,,-6.289742782873892,
ALITO,would not be,6,10,0.375,0.625,0.3040723012447333,-6.2916784800381365,0.001554882391732651
ALITO,says that the,9,5,0.6428571428571429,0.3571428571428571,0.838244513463502,-6.30077910454824,0.0015902620196999483
ALITO,isnt that right,8,9,0.47058823529411764,0.5294117647058824,,-6.317301572149873,0.0017631124088322266
ALITO,at the time,12,14,0.46153846153846156,0.5384615384615384,,-6.320664367720996,0.0018455418699177325
ALITO,the right to,6,10,0.375,0.625,,-6.342209603367487,0.0022912496683757224
ALITO,would be the,12,4,0.75,0.25,0.6222823016783314,-6.3425778341402275,0.00128467607899801
ALITO,would have to,10,8,0.5555555555555556,0.4444444444444444,0.33556529511974303,-6.364550554977303,0.001555200872176008
ALITO,in the united,0,0,,,0.45931450175806926,-6.365338657190557,
ALITO,would there be,4,2,0.6666666666666666,0.33333333333333337,0.5479341974888616,-6.3755466407928605,0.0017512103648206457
ALITO,and then the,4,6,0.4,0.6,,-6.377095805052029,
ALITO,you think the,10,19,0.3448275862068966,0.6551724137931034,,-6.378091339203287,0.004411402344507616
ALITO,the difference between,5,6,0.45454545454545453,0.5454545454545454,-0.49045939829264534,-6.38504990325405,0.002450380614457965
ALITO,that this is,6,5,0.5454545454545454,0.4545454545454546,0.3153463399225522,-6.388621560788539,
ALITO,the question of,7,8,0.4666666666666667,0.5333333333333333,0.4718141858756472,-6.3973277823638215,
ALITO,what would be,8,5,0.6153846153846154,0.3846153846153846,0.3057900142186981,-6.399713036484252,
ALITO,the language of,7,4,0.6363636363636364,0.36363636363636365,0.4566935835073869,-6.403571191728063,
ALITO,are going to,8,9,0.47058823529411764,0.5294117647058824,,-6.411899756917573,0.0014976573290622118
ALITO,it the case,5,1,0.8333333333333334,0.16666666666666663,0.9530048878203744,-6.415085512806978,
ALITO,ask you this,12,12,0.5,0.5,,-6.4190620713193605,0.0026542984218895726
ALITO,have to be,11,16,0.4074074074074074,0.5925925925925926,-0.4132497228977616,-6.419191839550177,0.0028607352856080915
ALITO,that could be,6,3,0.6666666666666666,0.33333333333333337,0.8146876571822551,-6.4194391625423375,
ALITO,could ask you,0,1,0.0,1.0,,-6.420524049406044,0.001553001226101117
ALITO,is going to,12,23,0.34285714285714286,0.6571428571428571,-0.5806510993932343,-6.423502988885702,0.002717348980315268
ALITO,that it is,10,11,0.47619047619047616,0.5238095238095238,0.2808870299767702,-6.423509272138722,
ALITO,that is that,1,5,0.16666666666666666,0.8333333333333334,,-6.42638981325178,
ALITO,that the person,13,3,0.8125,0.1875,0.7493342858963429,-6.437737840320883,0.0030514041746421976
ALITO,the statute says,3,1,0.75,0.25,0.7819272783459292,-6.459662793803819,0.0012586994418752326
ALITO,does that mean,3,8,0.2727272727272727,0.7272727272727273,,-6.462496503857767,0.001435046403889884
ALITO,the issue of,10,12,0.45454545454545453,0.5454545454545454,,-6.464341405048291,0.002220762016661059
ALITO,all of those,4,5,0.4444444444444444,0.5555555555555556,0.4162368080347646,-6.466087995644811,0.0014934407491652563
ALITO,dont want to,8,16,0.3333333333333333,0.6666666666666667,,-6.476409267000671,0.0016763710428550178
ALITO,we have to,11,4,0.7333333333333333,0.2666666666666667,0.38316125462503964,-6.477823313078845,
ALITO,do you have,3,7,0.3,0.7,,-6.479835035450485,0.0028299136942962107
ALITO,is that is,0,1,0.0,1.0,0.8263290790778192,-6.48015086712717,0.0017668522364981943
ALITO,you agree that,7,1,0.875,0.125,1.0195969873328246,-6.480551034539698,
ALITO,you have to,10,15,0.4,0.6,-0.6058918452445446,-6.4880051239197485,0.0022803341788127773
ALITO,the nature of,7,2,0.7777777777777778,0.2222222222222222,0.8358451662972518,-6.490058905637495,
ALITO,based on the,9,9,0.5,0.5,0.36755956715795474,-6.491423327475337,
ALITO,one of these,5,1,0.8333333333333334,0.16666666666666663,0.8773457944031502,-6.496473362606533,
ALITO,in light of,4,2,0.6666666666666666,0.33333333333333337,0.7665196619522294,-6.4971296506187635,
ALITO,is that correct,6,5,0.5454545454545454,0.4545454545454546,,-6.498717684299365,0.002213214810348621
ALITO,if there is,4,6,0.4,0.6,,-6.507084198534004,0.002155475122597389
ALITO,in your brief,5,5,0.5,0.5,0.4728585210115778,-6.51416732547347,
ALITO,to the question,6,2,0.75,0.25,0.7172011284097638,-6.5149654958845895,
ALITO,if it were,6,1,0.8571428571428571,0.1428571428571429,0.9948569826539698,-6.515398878581779,
ALITO,ask you question,0,0,,,0.9208309201557949,-6.515903585403532,0.0016404460032458559
ALITO,of the law,4,3,0.5714285714285714,0.4285714285714286,0.429881506321765,-6.5166538184713465,
ALITO,argument that the,10,6,0.625,0.375,0.9955226326372318,-6.527730708178023,0.0017102301216134009
ALITO,im not sure,0,0,,,0.7387626931405371,-6.535734173873475,
ALITO,how can you,1,4,0.2,0.8,0.4482320901348985,-6.537878144334398,
ALITO,in the case,8,5,0.6153846153846154,0.3846153846153846,0.41825443366494336,-6.540321794835046,
ALITO,that the the,0,0,,,,-6.540866423370695,
ALITO,be able to,8,9,0.47058823529411764,0.5294117647058824,,-6.542435098733214,0.0013436342074586985
ALITO,is there anything,0,1,0.0,1.0,0.40751518678968557,-6.549796523239112,
ALITO,is the difference,7,7,0.5,0.5,,-6.551823012233579,0.0014263876352625623
ALITO,think that the,10,10,0.5,0.5,,-6.555201292199232,
ALITO,or would it,4,1,0.8,0.19999999999999996,0.43788533589351514,-6.563633324969486,0.0014206571419790187
ALITO,is that right,4,2,0.6666666666666666,0.33333333333333337,0.3829659389637378,-6.564808466445744,
ALITO,the ninth circuit,0,0,,,0.5550352845746293,-6.5727720217980945,
ALITO,be entitled to,4,2,0.6666666666666666,0.33333333333333337,0.6086532039752223,-6.577807925249102,0.00014934870569821603
ALITO,as opposed to,10,2,0.8333333333333334,0.16666666666666663,0.4362790802947616,-6.579374838947549,
ALITO,why isnt that,1,1,0.5,0.5,0.7726412994917614,-6.582178499848599,
ALITO,to determine whether,4,5,0.4444444444444444,0.5555555555555556,0.3727881390991443,-6.586496370824858,
ALITO,could you just,1,1,0.5,0.5,0.8569897262599389,-6.586852109177948,
ALITO,would you say,7,2,0.7777777777777778,0.2222222222222222,0.42007477488705486,-6.590139305641605,
ALITO,cases in which,7,5,0.5833333333333334,0.41666666666666663,,-6.594390593265461,0.002244486032425628
ALITO,say that the,11,15,0.4230769230769231,0.5769230769230769,-0.41886704362718064,-6.60097931276877,0.0022774802685817837
ALITO,going to have,6,11,0.35294117647058826,0.6470588235294117,,-6.602640915153194,
ALITO,isnt that correct,7,3,0.7,0.30000000000000004,,-6.612492801596853,
ALITO,to one of,5,1,0.8333333333333334,0.16666666666666663,0.48688263342545834,-6.613035404453376,
ALITO,some of the,8,5,0.6153846153846154,0.3846153846153846,0.7713543014014058,-6.613100831212144,
GINSBURG,in this case,47,50,0.4845360824742268,0.5154639175257731,,-6.090741785805615,0.0027514357188667704
GINSBURG,the district court,36,24,0.6,0.4,0.5933246251432761,-6.098227099054965,0.001961703652701272
GINSBURG,that would be,27,19,0.5869565217391305,0.4130434782608695,0.8038838075860935,-6.248266410476987,0.0021582992796313916
GINSBURG,there was no,35,39,0.47297297297297297,0.527027027027027,,-6.34575953472995,0.0017500104640443728
GINSBURG,court of appeals,30,14,0.6818181818181818,0.31818181818181823,0.3859284107229143,-6.361063275006947,0.001269479755946967
GINSBURG,the court of,25,17,0.5952380952380952,0.40476190476190477,0.4658178116494078,-6.378688661478517,0.0017291435425072668
GINSBURG,what about the,8,6,0.5714285714285714,0.4285714285714286,,-6.4450862866277125,0.00509625042288552
GINSBURG,that there was,27,24,0.5294117647058824,0.47058823529411764,0.5887876640027719,-6.446866398985488,0.002764381605031769
GINSBURG,what was the,9,14,0.391304347826087,0.6086956521739131,,-6.480014906237337,0.001111122140645859
GINSBURG,it would be,28,23,0.5490196078431373,0.4509803921568627,,-6.488774946845089,0.004066837535890516
GINSBURG,that it was,18,21,0.46153846153846156,0.5384615384615384,0.41451533719319184,-6.552113716309043,0.0011745022592176129
GINSBURG,not going to,24,23,0.5106382978723404,0.4893617021276596,,-6.567671565371996,0.0017027339179046428
GINSBURG,there is no,29,29,0.5,0.5,-0.507123205654045,-6.591073113369229,0.004172675668985236
GINSBURG,that there is,29,16,0.6444444444444445,0.3555555555555555,0.6194548526684872,-6.594532995506036,0.0013155226560059715
GINSBURG,would be the,23,18,0.5609756097560976,0.4390243902439024,0.5597999642288367,-6.596026844528842,0.0026365802964814595
GINSBURG,is there any,11,13,0.4583333333333333,0.5416666666666667,,-6.599175631704111,0.003699335429234816
GINSBURG,what is the,19,20,0.48717948717948717,0.5128205128205128,,-6.602547322501401,0.002362541198157756
GINSBURG,as understand it,0,0,,,,-6.663645361578456,0.0014220648316288589
GINSBURG,in your brief,19,16,0.5428571428571428,0.4571428571428572,0.48165364360866625,-6.664703961647269,0.0011847114262379548
GINSBURG,the united states,0,0,,,-0.46999422418700176,-6.672497505109387,0.0010718061408705865
GINSBURG,that was the,17,8,0.68,0.31999999999999995,0.6004017741387883,-6.678301870999122,0.0017164553705021999
GINSBURG,what do you,13,6,0.6842105263157895,0.3157894736842105,0.6164560134899604,-6.712206004561983,
GINSBURG,as far as,11,7,0.6111111111111112,0.38888888888888884,,-6.727841623259838,0.0027949829487594275
GINSBURG,you dont have,19,14,0.5757575757575758,0.4242424242424242,0.4285173252612519,-6.74428511970785,0.0011142417224138481
GINSBURG,is it is,2,1,0.6666666666666666,0.33333333333333337,0.7374443980601341,-6.74429457022163,
GINSBURG,you have to,23,29,0.4423076923076923,0.5576923076923077,,-6.749437089784355,0.0023538751835632445
GINSBURG,one of the,29,34,0.4603174603174603,0.5396825396825398,,-6.753741485890352,
GINSBURG,with respect to,11,25,0.3055555555555556,0.6944444444444444,,-6.758087578316573,0.0012624862591064207
GINSBURG,you said that,12,12,0.5,0.5,,-6.759996275207075,
GINSBURG,going to be,21,20,0.5121951219512195,0.4878048780487805,,-6.769327238787657,0.0013317800770457381
GINSBURG,the state court,1,0,1.0,0.0,0.5927488523683561,-6.802365289965148,
GINSBURG,and it was,10,16,0.38461538461538464,0.6153846153846154,,-6.8063760576809305,0.0015290159866975907
GINSBURG,the ninth circuit,0,0,,,0.36145843064010014,-6.814393638546033,
GINSBURG,how do you,5,5,0.5,0.5,0.5808439700652755,-6.815148526358037,
GINSBURG,seems to me,27,35,0.43548387096774194,0.564516129032258,-0.39439642506812717,-6.816872357130149,0.0026213892289872055
GINSBURG,that in the,16,12,0.5714285714285714,0.4285714285714286,0.3122324194977553,-6.829118806151543,
GINSBURG,the district judge,17,5,0.7727272727272727,0.2272727272727273,0.5629258298152381,-6.84164423548445,0.001398689621648049
GINSBURG,that is the,9,14,0.391304347826087,0.6086956521739131,,-6.848086910650014,
GINSBURG,go to the,18,14,0.5625,0.4375,,-6.848402303328535,0.0022285319353418783
GINSBURG,and that was,6,12,0.3333333333333333,0.6666666666666667,,-6.85137733285094,0.002225525680423055
GINSBURG,this case is,13,8,0.6190476190476191,0.38095238095238093,0.4450584009903472,-6.859212805899589,0.0011549281630577615
GINSBURG,what would be,7,8,0.4666666666666667,0.5333333333333333,0.3434608812857863,-6.866070415230865,0.0011042478616562882
GINSBURG,the federal court,0,0,,,0.9188864145482365,-6.876201949380997,0.002294770818020839
GINSBURG,the argument that,7,1,0.875,0.125,0.6591050466226317,-6.877955796295607,0.0015057960905375646
GINSBURG,the federal circuit,0,0,,,0.8359614312365826,-6.886731392416998,
GINSBURG,is that the,27,23,0.54,0.45999999999999996,,-6.8869094838399,
GINSBURG,it seems to,15,35,0.3,0.7,-0.5758468591267292,-6.910290730281442,0.0030536301235127806
GINSBURG,im going to,0,0,,,,-6.924436341168732,0.001011695627388357
GINSBURG,is going to,15,8,0.6521739130434783,0.34782608695652173,,-6.933720814974847,0.0009921413766944866
GINSBURG,why isnt it,6,4,0.6,0.4,0.5666073618943919,-6.936301222985093,0.0013094173888022695
GINSBURG,at the time,15,20,0.42857142857142855,0.5714285714285714,,-6.938828661402203,
GINSBURG,the position that,10,4,0.7142857142857143,0.2857142857142857,0.46430494239290987,-6.95468264830728,
GINSBURG,that the the,0,0,,,0.3280675016381468,-6.958953079410633,
GINSBURG,if there is,10,4,0.7142857142857143,0.2857142857142857,0.4045638591790449,-6.963882481177023,
GINSBURG,do we know,7,4,0.6363636363636364,0.36363636363636365,0.6707374609272357,-6.969009359315761,
GINSBURG,would have been,14,11,0.56,0.43999999999999995,0.28552055341178445,-6.978697639827422,
GINSBURG,are you saying,5,9,0.35714285714285715,0.6428571428571428,,-6.980645251614741,
GINSBURG,dont have to,15,12,0.5555555555555556,0.4444444444444444,0.35168706203781785,-6.981557494197865,
GINSBURG,that the government,9,6,0.6,0.4,0.4051491614871239,-6.987627717759885,
GINSBURG,that is that,4,7,0.36363636363636365,0.6363636363636364,,-6.989403048603412,
GINSBURG,would have to,16,20,0.4444444444444444,0.5555555555555556,-0.47850003041419165,-6.994250801540836,0.0016169288535765065
GINSBURG,but there was,5,3,0.625,0.375,0.5746484845455031,-6.999743062768321,
GINSBURG,and then the,14,17,0.45161290322580644,0.5483870967741935,,-7.007576205875257,
GINSBURG,do you do,7,4,0.6363636363636364,0.36363636363636365,0.5324094382057257,-7.012779275767681,
GINSBURG,it is it,0,0,,,0.5338638580145868,-7.015237448226334,
GINSBURG,in the case,9,20,0.3103448275862069,0.6896551724137931,-0.46907623613412175,-7.015480725099213,0.0037089750602212522
GINSBURG,people who are,9,6,0.6,0.4,0.48021464252833035,-7.023964821935733,
GINSBURG,the person who,10,8,0.5555555555555556,0.4444444444444444,0.4145061202648152,-7.0264799815605885,
GINSBURG,back to the,16,10,0.6153846153846154,0.3846153846153846,,-7.027238345712786,
GINSBURG,to the district,11,5,0.6875,0.3125,0.291361756529855,-7.028458145512575,
GINSBURG,it could be,6,9,0.4,0.6,,-7.035306682684464,
GINSBURG,what is it,11,15,0.4230769230769231,0.5769230769230769,,-7.038497525799427,
GINSBURG,to do that,15,6,0.7142857142857143,0.2857142857142857,0.6529495363315609,-7.042944252471173,0.0011404772630796136
GINSBURG,there would be,14,15,0.4827586206896552,0.5172413793103448,,-7.051409356280544,0.0013191910354950149
GINSBURG,this is the,8,5,0.6153846153846154,0.3846153846153846,,-7.052298063817103,
GINSBURG,have to be,14,21,0.4,0.6,,-7.059309734336759,
GINSBURG,is that right,8,7,0.5333333333333333,0.4666666666666667,,-7.0594203587313755,
GINSBURG,of the state,1,0,1.0,0.0,0.29546614919667713,-7.0615737331313015,
GINSBURG,that this is,15,16,0.4838709677419355,0.5161290322580645,,-7.068603538666865,0.0024671493994196897
GINSBURG,the court said,2,0,1.0,0.0,0.3983917631347313,-7.072395194505611,
GINSBURG,on the merits,9,4,0.6923076923076923,0.3076923076923077,0.5618738399335129,-7.0725222731280795,
GINSBURG,thought that the,17,27,0.38636363636363635,0.6136363636363636,-0.5228407826597549,-7.073735572690503,0.002271383278587501
GINSBURG,the end of,16,14,0.5333333333333333,0.4666666666666667,,-7.075212974521191,
GINSBURG,that the state,1,0,1.0,0.0,0.3678855772621695,-7.075912956843053,
GINSBURG,of the statute,11,10,0.5238095238095238,0.47619047619047616,,-7.076956902511756,
GINSBURG,you say that,10,13,0.43478260869565216,0.5652173913043479,,-7.077749014198782,
GINSBURG,go back to,13,18,0.41935483870967744,0.5806451612903225,-0.36470999227348516,-7.0786670805786756,
GINSBURG,there is an,12,7,0.631578947368421,0.368421052631579,0.3361905431993119,-7.080792450022097,0.0010293924563935636
GINSBURG,to the federal,0,0,,,0.6343716426503203,-7.085110173948376,
GINSBURG,in the district,10,13,0.43478260869565216,0.5652173913043479,,-7.085851421397881,
GINSBURG,is this is,1,1,0.5,0.5,,-7.091530359558177,
GINSBURG,to say that,13,10,0.5652173913043478,0.4347826086956522,,-7.094864470082439,
GINSBURG,your brief that,5,7,0.4166666666666667,0.5833333333333333,0.3490969995975049,-7.097295111479287,
GINSBURG,we know that,11,4,0.7333333333333333,0.2666666666666667,0.33330010556386686,-7.103082228809337,
GINSBURG,is there is,2,2,0.5,0.5,,-7.107026290306959,0.0022082641944120517
GINSBURG,is in the,14,8,0.6363636363636364,0.36363636363636365,,-7.107824700028559,0.0012714267015272646
GINSBURG,were talking about,10,14,0.4166666666666667,0.5833333333333333,-0.3734973744814389,-7.110263614120122,0.0014459753811719674
GINSBURG,there is there,0,0,,,,-7.116654601339914,
GINSBURG,this is not,10,10,0.5,0.5,,-7.120631440067879,
GINSBURG,we dont have,8,7,0.5333333333333333,0.4666666666666667,,-7.122442526513375,
BREYER,you have to,51,55,0.4811320754716981,0.5188679245283019,-0.5673282754646117,-6.727533200137256,0.002052776413028623
BREYER,all right so,0,1,0.0,1.0,1.0053458984219157,-6.792388388737033,0.0031479332094668266
BREYER,what do you,19,16,0.5428571428571428,0.4571428571428572,0.6248713271630681,-6.8071311099985,0.0019390272080755952
BREYER,there is no,46,42,0.5227272727272727,0.4772727272727273,,-6.839132763976928,0.0016279910437328987
BREYER,in this case,40,30,0.5714285714285714,0.4285714285714286,0.43357606040964425,-6.84608313525927,0.0016887476199798394
BREYER,you want to,31,35,0.4696969696969697,0.5303030303030303,,-6.870624477706961,0.0029414672239128675
BREYER,seems to me,43,40,0.5180722891566265,0.4819277108433735,,-6.883161080411696,0.0017383896983674623
BREYER,in respect to,34,23,0.5964912280701754,0.4035087719298246,,-6.905595787903199,0.0025731679608548704
BREYER,it seems to,35,34,0.5072463768115942,0.49275362318840576,,-6.916113326304538,0.0015384346291496213
BREYER,go to the,27,17,0.6136363636363636,0.38636363636363635,0.5550948866631016,-6.93773219318567,0.002501716523844792
BREYER,want to know,33,44,0.42857142857142855,0.5714285714285714,,-6.955012138203881,0.0014111330391075652
BREYER,the other side,24,24,0.5,0.5,,-6.982582371311638,0.002929118334251057
BREYER,youre going to,22,20,0.5238095238095238,0.47619047619047616,,-7.056603819222442,0.0010855566090345427
BREYER,is that right,9,11,0.45,0.55,,-7.062262256591258,0.0015994679520813042
BREYER,one of the,30,23,0.5660377358490566,0.4339622641509434,0.5708285111908903,-7.062458903631348,0.0015164595149603608
BREYER,the question is,18,12,0.6,0.4,0.359749602247709,-7.0665669917130405,0.0014901282588971093
BREYER,what is the,22,19,0.5365853658536586,0.46341463414634143,,-7.0744825430468214,0.0026476570241176643
BREYER,to know what,29,23,0.5576923076923077,0.4423076923076923,0.37406683628866183,-7.074875516336647,
BREYER,is there any,20,21,0.4878048780487805,0.5121951219512195,0.5078329066387558,-7.074914332457848,0.0013715447165479199
BREYER,if in fact,15,25,0.375,0.625,,-7.1118195542665354,0.0024692208858893335
BREYER,do you think,15,16,0.4838709677419355,0.5161290322580645,,-7.117067524247689,0.0015770006242125706
BREYER,look at the,27,28,0.4909090909090909,0.509090909090909,,-7.124538937318042,0.0010631480217608174
BREYER,is that the,41,28,0.5942028985507246,0.4057971014492754,,-7.130683239664068,0.0030024282880896642
BREYER,the district court,14,14,0.5,0.5,,-7.137523078354274,0.001219487927342715
BREYER,dont have to,27,24,0.5294117647058824,0.47058823529411764,,-7.14181430854785,0.002387014997279783
BREYER,going to be,27,26,0.5094339622641509,0.49056603773584906,,-7.145375298467,
BREYER,im trying to,0,0,,,,-7.1488922121468885,0.0010526644058306137
BREYER,to do with,24,45,0.34782608695652173,0.6521739130434783,-0.9259282740156134,-7.15362167702661,0.004039762747335234
BREYER,have to say,20,10,0.6666666666666666,0.33333333333333337,0.6901740616793225,-7.167909368273477,0.0016152527763536012
BREYER,do you want,14,8,0.6363636363636364,0.36363636363636365,0.4434907132312772,-7.171397087044149,0.0012258888643955589
BREYER,dont know what,18,24,0.42857142857142855,0.5714285714285714,,-7.194830937569401,
BREYER,is going to,25,26,0.49019607843137253,0.5098039215686274,,-7.19565331608852,
BREYER,to say that,25,11,0.6944444444444444,0.3055555555555556,0.5344482905433706,-7.206200850929172,0.0015125566057457877
BREYER,the answer to,20,18,0.5263157894736842,0.4736842105263158,,-7.206829264202796,0.0010699003381230046
BREYER,the fact that,21,19,0.525,0.475,,-7.219959369258932,
BREYER,what is your,12,7,0.631578947368421,0.368421052631579,0.5511172460605006,-7.221010530174777,0.0012108884173141522
BREYER,in your opinion,16,14,0.5333333333333333,0.4666666666666667,,-7.235150406864644,0.0010390530873681826
BREYER,has to be,17,19,0.4722222222222222,0.5277777777777778,,-7.239521303764272,0.000935756147606078
BREYER,that would be,15,17,0.46875,0.53125,,-7.246128208500169,0.0011380025511159959
BREYER,would have to,16,11,0.5925925925925926,0.40740740740740744,0.5644973575117631,-7.24737035202576,0.0009763703773120827
BREYER,the court of,10,3,0.7692307692307693,0.23076923076923073,0.381412951084829,-7.25110074498767,0.0013150815178151678
BREYER,all kinds of,17,16,0.5151515151515151,0.48484848484848486,,-7.258949564952837,
BREYER,and so what,4,1,0.8,0.19999999999999996,0.49673553266256765,-7.258954246152882,0.0013618594026021467
BREYER,dont want to,19,28,0.40425531914893614,0.5957446808510638,-0.372939538352477,-7.260980739588705,
BREYER,what is it,13,15,0.4642857142857143,0.5357142857142857,,-7.26249030267584,
BREYER,have to go,22,13,0.6285714285714286,0.37142857142857144,0.5498660925090846,-7.2638592794985,0.0010226329129483251
BREYER,supposed to do,18,14,0.5625,0.4375,,-7.271867634271233,
BREYER,going to say,22,18,0.55,0.44999999999999996,,-7.278169281298762,
BREYER,in your view,18,6,0.75,0.25,0.5119741342482755,-7.279817830737231,
BREYER,to look at,17,12,0.5862068965517241,0.4137931034482759,0.355821885680049,-7.287021369992769,
BREYER,you would have,9,5,0.6428571428571429,0.3571428571428571,0.6981313484381427,-7.294590012484024,0.0014008804785568092
BREYER,would have thought,13,12,0.52,0.48,0.33658689619897514,-7.296554348044779,
BREYER,have to have,17,14,0.5483870967741935,0.4516129032258065,,-7.298777718277941,
BREYER,to do is,17,27,0.38636363636363635,0.6136363636363636,,-7.30069904619603,0.0014688817458608544
BREYER,and there is,15,12,0.5555555555555556,0.4444444444444444,,-7.312963899705653,0.0010710411525517182
BREYER,id like to,0,0,,,,-7.32931412075396,0.0011035295017386383
BREYER,it is not,14,15,0.4827586206896552,0.5172413793103448,,-7.33214845320199,0.004624783956237343
BREYER,they have to,16,14,0.5333333333333333,0.4666666666666667,,-7.333035221000627,
BREYER,want you to,22,18,0.55,0.44999999999999996,,-7.333530585542331,
BREYER,that there is,17,18,0.4857142857142857,0.5142857142857142,,-7.339074624741391,
BREYER,all right now,0,0,,,-0.41056322012047736,-7.343425832327902,0.000984257297793717
BREYER,to the question,12,4,0.75,0.25,0.9103717640531043,-7.349230767308556,0.002095704247525481
BREYER,is there anything,5,11,0.3125,0.6875,,-7.352765109388546,0.0011660463061030134
BREYER,we have to,18,15,0.5454545454545454,0.4545454545454546,,-7.35299698983474,
BREYER,respect to the,15,6,0.7142857142857143,0.2857142857142857,0.5182802888163339,-7.354857852488491,
BREYER,on the other,15,12,0.5555555555555556,0.4444444444444444,,-7.359734827355126,
BREYER,how do you,10,3,0.7692307692307693,0.23076923076923073,0.5053720029133542,-7.361714637466726,0.0011680254451046231
BREYER,answer to that,21,13,0.6176470588235294,0.38235294117647056,,-7.362335353982566,
BREYER,that in the,15,7,0.6818181818181818,0.31818181818181823,,-7.364721890418471,
BREYER,if you have,7,15,0.3181818181818182,0.6818181818181819,,-7.3654372389156,0.001285519640708604
BREYER,the united states,0,0,,,-0.8561700387118895,-7.367554574007395,0.0032758179162816455
BREYER,we dont know,9,9,0.5,0.5,,-7.371719750990694,
BREYER,court of appeals,11,3,0.7857142857142857,0.2142857142857143,,-7.373346706194338,
BREYER,it would be,16,16,0.5,0.5,,-7.380306053174406,0.0024355785016834264
BREYER,something like that,12,6,0.6666666666666666,0.33333333333333337,0.6571143180370574,-7.385310081913754,0.0032584842965235703
BREYER,the reason that,16,9,0.64,0.36,,-7.395372554496691,
BREYER,you dont have,12,18,0.4,0.6,-0.4686248855603176,-7.3997254170866205,0.0039493669495393345
BREYER,to do it,20,18,0.5263157894736842,0.4736842105263158,,-7.400103351436171,0.0009549538507026387
BREYER,want to say,11,11,0.5,0.5,,-7.400904191176365,
BREYER,in other words,7,9,0.4375,0.5625,-0.5424175720099935,-7.40112202990554,
BREYER,going to have,18,10,0.6428571428571429,0.3571428571428571,,-7.403316930782494,
BREYER,go back to,19,23,0.4523809523809524,0.5476190476190477,,-7.406459679381109,
BREYER,and then you,9,6,0.6,0.4,,-7.410919719355152,
BREYER,what you want,14,7,0.6666666666666666,0.33333333333333337,0.4660897956576526,-7.411897792690257,
BREYER,are going to,17,27,0.38636363636363635,0.6136363636363636,-0.7111297937314304,-7.4153027069592135,0.002024024664953336
BREYER,to go to,18,11,0.6206896551724138,0.3793103448275862,,-7.420950229190917,
BREYER,to do that,14,17,0.45161290322580644,0.5483870967741935,,-7.421705760157136,
BREYER,how do we,12,4,0.75,0.25,0.33888933853652325,-7.422337465364054,0.001052089230086136
BREYER,be able to,17,12,0.5862068965517241,0.4137931034482759,,-7.424786620832542,
BREYER,that is the,12,7,0.631578947368421,0.368421052631579,0.5630229593517171,-7.424847562455785,0.001448529356442241
BREYER,like to know,19,15,0.5588235294117647,0.4411764705882353,,-7.4260135853791915,
BREYER,have to give,11,5,0.6875,0.3125,0.5594627237859362,-7.426034044208835,
BREYER,nothing to do,17,16,0.5151515151515151,0.48484848484848486,,-7.435640044161222,
BREYER,in front of,14,11,0.56,0.43999999999999995,,-7.440179981561302,
BREYER,if you win,5,7,0.4166666666666667,0.5833333333333333,0.3312100561781627,-7.440815302164634,
BREYER,what about the,6,2,0.75,0.25,0.5972571705542917,-7.443122502229273,
BREYER,some kind of,16,17,0.48484848484848486,0.5151515151515151,,-7.448778934283162,
BREYER,the end of,14,14,0.5,0.5,,-7.453870799078681,
BREYER,that kind of,14,15,0.4827586206896552,0.5172413793103448,,-7.45565676708536,
BREYER,so what is,7,4,0.6363636363636364,0.36363636363636365,,-7.458409474207206,
STEVENS,ask this question,21,12,0.6363636363636364,0.36363636363636365,1.0351060666253267,-4.510493456292221,0.017125283796613405
STEVENS,in this case,20,12,0.625,0.375,0.773790863431775,-4.614650701757952,0.01678119192840681
STEVENS,may ask you,0,0,,,0.6103886999842901,-4.614655611537147,0.016289009547190876
STEVENS,let me ask,0,2,0.0,1.0,1.8502866372808857,-4.656658261435218,0.01634037760282092
STEVENS,do you think,10,5,0.6666666666666666,0.33333333333333337,0.2674621119490211,-4.670684610125375,0.008023113875936946
STEVENS,at the time,9,6,0.6,0.4,1.182876447123693,-4.717864978664912,0.019116069827350795
STEVENS,may ask this,0,0,,,-0.29443928180309564,-4.801254673006399,0.010675167372898973
STEVENS,of the statute,10,7,0.5882352941176471,0.4117647058823529,1.4223494490377229,-4.844666178917949,0.016591161085440686
STEVENS,it seems to,6,3,0.6666666666666666,0.33333333333333337,0.22514626208659416,-4.932578816773542,0.007957313080126836
STEVENS,ask you this,10,6,0.625,0.375,0.29214697530107336,-5.02260454698267,0.004919564125975901
STEVENS,me ask this,9,2,0.8181818181818182,0.18181818181818177,1.3764909352923813,-5.031653227005343,0.0141761834863531
STEVENS,seems to me,11,14,0.44,0.56,-0.6177092287247095,-5.069686407999372,0.00830232202773627
STEVENS,and so forth,14,8,0.6363636363636364,0.36363636363636365,-0.08175949240524713,-5.103765446631824,0.007314198885183824
STEVENS,the fact that,8,7,0.5333333333333333,0.4666666666666667,-0.6436038354830562,-5.143224595734872,0.005954039179654005
STEVENS,in which the,9,6,0.6,0.4,1.1071167698395425,-5.14789538924874,0.009461089306121767
STEVENS,you think the,10,11,0.47619047619047616,0.5238095238095238,-0.006002862975194388,-5.1497224369459405,0.012363745320332686
STEVENS,if there is,9,0,1.0,0.0,2.3534609588743094,-5.158337648614631,0.01848153499455825
STEVENS,the end of,10,3,0.7692307692307693,0.23076923076923073,0.8917644207935069,-5.202425689624599,0.008435241042775541
STEVENS,it would be,6,7,0.46153846153846156,0.5384615384615384,0.12779018280074173,-5.234016478960785,0.004027826188422816
STEVENS,in your view,4,4,0.5,0.5,0.06351003590166195,-5.235233764188317,0.0038240530799765614
STEVENS,in other words,1,0,1.0,0.0,1.6239158654360963,-5.2371123934073,0.011725197705113705
STEVENS,you this question,0,3,0.0,1.0,-0.35777473529225956,-5.241393214800496,0.005074221063035391
STEVENS,question is whether,6,1,0.8571428571428571,0.1428571428571429,1.3240322372601925,-5.2752569454703995,0.005289384228787596
STEVENS,end of the,8,2,0.8,0.19999999999999996,0.7905115260469997,-5.278729076355611,0.006410027318510607
STEVENS,as understand it,0,0,,,0.31002145968946276,-5.279385141713405,0.008424237568663902
STEVENS,may not be,3,1,0.75,0.25,1.5975296996734398,-5.284339438792586,0.00847786355211309
STEVENS,what is the,3,3,0.5,0.5,0.4811937697928405,-5.3183023148971245,0.005028119763733546
STEVENS,there would be,9,3,0.75,0.25,-0.4374030782097351,-5.3302850538655004,0.0038586588701539836
STEVENS,that would be,6,4,0.6,0.4,0.47950224883069753,-5.338534008780433,0.0017459624807454742
STEVENS,court of appeals,3,0,1.0,0.0,1.5222414125247983,-5.349129426477452,0.0039305571658181625
STEVENS,is it your,0,2,0.0,1.0,0.2631483542412019,-5.355832368607664,0.005064078124347503
STEVENS,the state court,1,0,1.0,0.0,1.3457004199954994,-5.368937475774484,0.005993852366380825
STEVENS,part of the,10,8,0.5555555555555556,0.4444444444444444,-0.09381232720094095,-5.369294535379521,0.0032011211530484367
STEVENS,may may ask,0,0,,,1.378561903168606,-5.372431605555043,0.0062072437159042225
STEVENS,whether or not,6,7,0.46153846153846156,0.5384615384615384,0.7017315703145666,-5.373522918959896,0.004533242850851826
STEVENS,that he was,6,1,0.8571428571428571,0.1428571428571429,1.5410261658289524,-5.375364774557029,0.008760026109740696
STEVENS,what if the,4,4,0.5,0.5,0.33227137315936617,-5.383093912869266,0.004765733730793225
STEVENS,some of the,5,2,0.7142857142857143,0.2857142857142857,1.3214213961430312,-5.384429464741574,0.007288857020752378
STEVENS,may just ask,0,0,,,1.0675762942957168,-5.384789081424824,0.005161658382687553
STEVENS,cause of action,5,1,0.8333333333333334,0.16666666666666663,0.7068070277022076,-5.386660460947372,0.0017639022979422814
STEVENS,have to be,7,2,0.7777777777777778,0.2222222222222222,0.7371354578529599,-5.387704788215164,0.00500147775654713
STEVENS,agree that the,4,4,0.5,0.5,0.4915615551630076,-5.394174847094375,0.004531767894578434
STEVENS,the district court,3,4,0.42857142857142855,0.5714285714285714,0.8076712914714995,-5.39488350166594,0.005230631732599375
STEVENS,this question is,0,0,,,1.132332238102702,-5.4017526074216065,0.002910200866564014
STEVENS,dont want to,4,4,0.5,0.5,0.5397215560126883,-5.4109399313106,0.00904779461145254
STEVENS,the question is,4,5,0.4444444444444444,0.5555555555555556,-0.14317938626615911,-5.416144795165933,0.0031452407279398673
STEVENS,party to the,3,0,1.0,0.0,1.121773239063934,-5.42648270888322,0.008532947082597575
STEVENS,is it not,7,3,0.7,0.30000000000000004,0.7196075455435346,-5.436183247963927,0.005341795621166938
STEVENS,it is not,1,4,0.2,0.8,0.39578827433231084,-5.436796289520117,0.0059365713813721065
STEVENS,something like that,5,3,0.625,0.375,1.0291902246378104,-5.438840817902567,0.006858277577820772
STEVENS,want to be,4,6,0.4,0.6,0.49572881541559,-5.442588170870434,0.006235292348239918
STEVENS,going to be,5,1,0.8333333333333334,0.16666666666666663,1.2457905194421717,-5.4548365776700205,0.005588548052690854
STEVENS,if it were,3,1,0.75,0.25,0.325349003369521,-5.458445791061759,0.0034248594398310385
STEVENS,as matter of,0,0,,,0.19300213634806088,-5.459047699373588,0.005234434099568701
STEVENS,cases in which,3,4,0.42857142857142855,0.5714285714285714,0.3456915684291073,-5.467300872255903,0.004425836467468135
STEVENS,you think it,8,0,1.0,0.0,1.6698115099942161,-5.469531847957267,0.006892062140353254
STEVENS,me ask you,6,3,0.6666666666666666,0.33333333333333337,0.4594095579629283,-5.481150667637596,0.003287783239917094
STEVENS,would that be,1,6,0.14285714285714285,0.8571428571428572,-0.6911031729635191,-5.482688359269544,0.007031605851893393
STEVENS,let me just,1,4,0.2,0.8,0.3686526431430476,-5.48338268138474,0.004228528458573138
STEVENS,in the state,1,0,1.0,0.0,0.49769656301908616,-5.484836754875422,0.004428399314975632
STEVENS,but isnt it,1,1,0.5,0.5,0.7551713553941105,-5.49600724573642,0.002909154987550903
STEVENS,in order to,7,1,0.875,0.125,0.5766269936712842,-5.497206582359746,0.0024858910771013557
STEVENS,but do you,1,1,0.5,0.5,-0.1293615568568424,-5.506841684580233,0.0028837395177759174
STEVENS,im just wondering,0,0,,,1.5777708622599027,-5.508903027986269,0.005934507707109036
STEVENS,time of the,5,1,0.8333333333333334,0.16666666666666663,1.1256468981185237,-5.5090352794639745,0.002823339670234124
STEVENS,ask you one,5,4,0.5555555555555556,0.4444444444444444,0.44621771352044565,-5.509998212359217,0.0064379014745227425
STEVENS,would have been,6,3,0.6666666666666666,0.33333333333333337,-0.21130505396402316,-5.513124007783581,0.001508244775224334
STEVENS,one of the,5,10,0.3333333333333333,0.6666666666666667,-0.7117921303155534,-5.513962962633566,0.006899468938398137
STEVENS,im trying to,0,0,,,1.12514698719568,-5.5183456145579814,0.002282567367819631
STEVENS,be sure understand,0,0,,,0.41235333117734785,-5.518907999611528,0.0033837137772142244
STEVENS,or something like,5,4,0.5555555555555556,0.4444444444444444,0.8128586522706831,-5.52071237523287,0.006249709287170169
STEVENS,that there was,5,9,0.35714285714285715,0.6428571428571428,-1.1234784961600528,-5.520767946120292,0.008152284631654459
STEVENS,if it was,5,1,0.8333333333333334,0.16666666666666663,1.0413968524767032,-5.522481425651196,0.0047400859422570725
STEVENS,the district judge,3,1,0.75,0.25,-0.29876266777816285,-5.5334630856607445,0.002907242601524971
STEVENS,the question whether,4,4,0.5,0.5,0.7067895646210286,-5.534812616370771,0.00740162383825136
STEVENS,the time of,3,3,0.5,0.5,0.039286155000779324,-5.545527887856916,0.0018679313035371283
STEVENS,to me that,6,8,0.42857142857142855,0.5714285714285714,-0.8977151800398476,-5.546503335569882,0.002567218704689787
STEVENS,with regard to,5,2,0.7142857142857143,0.2857142857142857,0.7174530842092312,-5.547267463650355,0.0025505841730928485
STEVENS,you think that,5,3,0.625,0.375,0.6703449274591373,-5.552877490970587,0.004242244509759471
STEVENS,the other side,5,1,0.8333333333333334,0.16666666666666663,1.0535627608338953,-5.55554253808864,0.00658125110045619
STEVENS,that the state,1,0,1.0,0.0,0.6345346915641039,-5.559979400674158,0.005874398969132535
STEVENS,the court of,3,0,1.0,0.0,1.1007718875364783,-5.5659371166602325,0.0021869783396872384
STEVENS,your view that,4,3,0.5714285714285714,0.4285714285714286,0.22561941472131605,-5.573590739756927,0.0023369506564422018
STEVENS,the statute to,3,2,0.6,0.4,0.37586047751393226,-5.578175426637266,0.0023062092226150866
STEVENS,is in the,3,1,0.75,0.25,0.8372275485249085,-5.57933626723987,0.0052298191985933025
STEVENS,it did not,2,2,0.5,0.5,0.7524406439558246,-5.582498152894413,0.004847860156577982
STEVENS,you do you,1,2,0.3333333333333333,0.6666666666666667,-0.058529963257630324,-5.582980962401024,0.004965813472922135
STEVENS,is that what,2,0,1.0,0.0,0.4355690991567401,-5.58617845911769,0.0026573478504029646
STEVENS,this case and,4,0,1.0,0.0,1.1822880413410888,-5.586299215338388,0.0020193362587572245
STEVENS,can ask you,0,0,,,-0.3182599138064779,-5.587051066574828,0.0017758209022284554
STEVENS,would not have,5,3,0.625,0.375,0.8322033544359644,-5.587534948868541,0.0029761477164949313
STEVENS,it your view,4,2,0.6666666666666666,0.33333333333333337,0.27616485221806303,-5.597930839591371,0.0038414339693530297
STEVENS,to what extent,1,0,1.0,0.0,-0.8567017618602203,-5.598838179331027,0.005489116819292466
STEVENS,in this particular,3,1,0.75,0.25,0.27375873571243153,-5.59991907798573,0.0023032337661794615
STEVENS,to be sure,5,7,0.4166666666666667,0.5833333333333333,-0.2557951758110689,-5.603652012914015,0.002976484518185643
STEVENS,im just asking,0,0,,,1.184979996909515,-5.606034316605208,0.0035087189754798194
STEVENS,that if the,4,2,0.6666666666666666,0.33333333333333337,0.9460186593528819,-5.607878909990147,0.002055109223106218
STEVENS,that the statute,4,1,0.8,0.19999999999999996,0.9815013306617457,-5.608492186340116,0.0018808010866547225
STEVENS,this question supposing,0,0,,,1.1991973289534354,-5.6114458837239,0.001331264100125829
STEVENS,the right to,5,4,0.5555555555555556,0.4444444444444444,-0.10995185559519033,-5.614997758345842,0.001592534472196702
KAGAN,do you think,19,10,0.6551724137931034,0.3448275862068966,1.521576234651573,-5.346042232177152,0.007060588273755407
KAGAN,you think that,23,15,0.6052631578947368,0.39473684210526316,,-5.729168672937141,0.001369145524557229
KAGAN,in other words,3,5,0.375,0.625,,-5.739901653585773,0.003013022360520762
KAGAN,part of the,17,4,0.8095238095238095,0.19047619047619047,1.5762738351209464,-5.783269969357564,0.0025837445587479826
KAGAN,is that right,13,6,0.6842105263157895,0.3157894736842105,0.5680237114337349,-5.870262056741048,0.0014330689440876457
KAGAN,in this case,18,13,0.5806451612903226,0.4193548387096774,,-5.898392806475868,0.001547559421433927
KAGAN,the question is,19,14,0.5757575757575758,0.4242424242424242,,-5.930556293637716,0.0034388738337420956
KAGAN,is that correct,9,6,0.6,0.4,1.1047449465698123,-5.965413887849971,0.002044092195241943
KAGAN,that there was,18,9,0.6666666666666666,0.33333333333333337,,-5.981808539458121,0.0054922552964436445
KAGAN,not going to,12,9,0.5714285714285714,0.4285714285714286,0.7707452240822502,-5.984986878185179,0.001695876710620955
KAGAN,that there is,17,13,0.5666666666666667,0.43333333333333335,,-5.990438104024116,0.003177855941990168
KAGAN,with respect to,20,21,0.4878048780487805,0.5121951219512195,-0.68595065169991,-5.996833594054372,0.006329698043450857
KAGAN,of the statute,14,7,0.6666666666666666,0.33333333333333337,0.5921465773791622,-6.041568490269706,
KAGAN,the district court,9,3,0.75,0.25,1.1486312184674348,-6.085174951475312,
KAGAN,that this is,16,17,0.48484848484848486,0.5151515151515151,,-6.104539968587549,0.0019433100027297628
KAGAN,and you know,3,1,0.75,0.25,0.486483424819072,-6.11005547705806,0.0019129020688155593
KAGAN,is going to,13,14,0.48148148148148145,0.5185185185185186,,-6.119030056499805,0.0015516224417120583
KAGAN,there would be,10,4,0.7142857142857143,0.2857142857142857,0.759750372156693,-6.1240857405646105,
KAGAN,guess the question,12,5,0.7058823529411765,0.2941176470588235,1.3467874603804046,-6.124162503108672,0.001775736461810581
KAGAN,do you have,5,3,0.625,0.375,1.0733211822642428,-6.1245425885080325,0.001579346719193975
KAGAN,the exact same,13,15,0.4642857142857143,0.5357142857142857,,-6.1291792165158085,0.0014526165354374245
KAGAN,you would have,12,3,0.8,0.19999999999999996,1.2536846626273888,-6.147816769300663,0.002012003370700439
KAGAN,as opposed to,9,8,0.5294117647058824,0.47058823529411764,,-6.15484092857999,0.0019580202352354895
KAGAN,think that the,18,17,0.5142857142857142,0.48571428571428577,,-6.1583567810603554,0.0012737229682505936
KAGAN,the fact that,12,8,0.6,0.4,0.5357990620543694,-6.179885066163944,0.003415142204610126
KAGAN,or is it,7,1,0.875,0.125,1.2545107472497117,-6.195365867042845,
KAGAN,why is that,5,3,0.625,0.375,1.0897634351766183,-6.203321258224662,0.0013386124531724795
KAGAN,seems to me,16,28,0.36363636363636365,0.6363636363636364,-1.4491603407867557,-6.222462253086067,0.00954958247811754
KAGAN,what kind of,7,3,0.7,0.30000000000000004,0.4644947967295706,-6.226111767018084,
KAGAN,were going to,12,13,0.48,0.52,-0.6743066494625652,-6.228303929274214,0.004631373400721586
KAGAN,this is not,8,6,0.5714285714285714,0.4285714285714286,0.3055432724418495,-6.229426904986625,0.0014127352352033156
KAGAN,in the context,9,4,0.6923076923076923,0.3076923076923077,0.9637957519766507,-6.2379254829889,0.002359756097821704
KAGAN,what do you,5,1,0.8333333333333334,0.16666666666666663,0.5495078510401918,-6.244074399466391,
KAGAN,some kind of,7,4,0.6363636363636364,0.36363636363636365,0.4406952824080691,-6.245480580799997,0.001806667446225178
KAGAN,to go to,9,1,0.9,0.09999999999999998,1.4214111945807908,-6.2475528874546855,
KAGAN,take it that,8,1,0.8888888888888888,0.11111111111111116,0.94051643722145,-6.261437248157343,
KAGAN,why should we,5,4,0.5555555555555556,0.4444444444444444,,-6.265134422148029,0.004570355519378108
KAGAN,have to be,8,3,0.7272727272727273,0.2727272727272727,,-6.267161193287175,0.0016077638099791047
KAGAN,it seems to,11,24,0.3142857142857143,0.6857142857142857,-1.103004714582566,-6.27161500266962,0.005388401442103365
KAGAN,is that the,19,14,0.5757575757575758,0.4242424242424242,,-6.279792567157492,0.0017855122493924396
KAGAN,would that be,6,1,0.8571428571428571,0.1428571428571429,,-6.280586010887745,0.0030294765037728296
KAGAN,if thats the,9,5,0.6428571428571429,0.3571428571428571,0.4994445761087825,-6.284273247730566,
KAGAN,are you saying,4,2,0.6666666666666666,0.33333333333333337,,-6.303690807119953,
KAGAN,out of the,7,7,0.5,0.5,0.5271905777894367,-6.30692510623831,
KAGAN,that it was,6,5,0.5454545454545454,0.4545454545454546,0.7871821405473071,-6.314270410038456,0.0012479849432277784
KAGAN,as to the,7,2,0.7777777777777778,0.2222222222222222,0.4867318806814288,-6.315576482416055,0.0002704923001611662
KAGAN,you say that,7,8,0.4666666666666667,0.5333333333333333,,-6.318036574911224,0.00214828661364215
KAGAN,back to the,10,9,0.5263157894736842,0.4736842105263158,,-6.321364267876261,0.0028521837464314283
KAGAN,and then the,9,6,0.6,0.4,0.6769057197860681,-6.32245543990785,0.0012317748427703573
KAGAN,to look at,5,2,0.7142857142857143,0.2857142857142857,0.9977910853240151,-6.323115491551151,
KAGAN,statute of limitations,6,3,0.6666666666666666,0.33333333333333337,0.6305118663550859,-6.323823412783801,
KAGAN,which is the,6,8,0.42857142857142855,0.5714285714285714,0.4048160622665757,-6.326959250238257,
KAGAN,going to be,12,21,0.36363636363636365,0.6363636363636364,-1.5446661047705912,-6.328220331950306,0.009825788378303106
KAGAN,that the government,8,7,0.5333333333333333,0.4666666666666667,0.35307449620002324,-6.3366159587063375,0.0016385717165847762
KAGAN,you know what,11,4,0.7333333333333333,0.2666666666666667,0.6256996872310061,-6.33981263158301,
KAGAN,in order to,12,13,0.48,0.52,-0.438247328125563,-6.341395397380883,0.0029297852059307016
KAGAN,one of the,11,20,0.3548387096774194,0.6451612903225806,,-6.341456668659815,
KAGAN,that there are,10,8,0.5555555555555556,0.4444444444444444,,-6.3469114677978204,0.0027663956753704237
KAGAN,can ask you,0,1,0.0,1.0,1.0297164543003983,-6.347386659950477,
KAGAN,that you would,6,3,0.6666666666666666,0.33333333333333337,0.7758774702336428,-6.348031821967056,
KAGAN,that the statute,7,0,1.0,0.0,1.065647433469517,-6.34911893016162,
KAGAN,to say that,8,9,0.47058823529411764,0.5294117647058824,-0.4930262814251652,-6.351810217105191,0.0025725424442319435
KAGAN,if they had,7,0,1.0,0.0,0.9834982052357802,-6.353445391268258,
KAGAN,so you know,2,0,1.0,0.0,1.0274205129341158,-6.3574391979688025,
KAGAN,to me that,12,14,0.46153846153846156,0.5384615384615384,,-6.360080758086127,
KAGAN,you dont have,8,3,0.7272727272727273,0.2727272727272727,0.7364621293702642,-6.363480992843924,
KAGAN,youre going to,8,7,0.5333333333333333,0.4666666666666667,,-6.366951932337225,0.002207047090565263
KAGAN,go to the,8,1,0.8888888888888888,0.11111111111111116,0.7464532851611769,-6.3732015843715075,0.0018179648801452178
KAGAN,you agree that,6,0,1.0,0.0,0.9562668598639529,-6.376494742209647,
KAGAN,the question of,7,12,0.3684210526315789,0.631578947368421,,-6.386006913898871,0.0013388599927843397
KAGAN,that this was,5,3,0.625,0.375,0.6162118940705579,-6.388442545915966,
KAGAN,does that mean,4,4,0.5,0.5,,-6.39013627435741,
KAGAN,as long as,9,6,0.6,0.4,0.4167075199744638,-6.394729748636801,
KAGAN,how do we,3,4,0.42857142857142855,0.5714285714285714,0.4065010247323354,-6.395122414984121,
KAGAN,you have to,7,13,0.35,0.65,-0.740808229437265,-6.3971797776749115,0.0037090190896815513
KAGAN,why do you,5,0,1.0,0.0,0.756839724208603,-6.402687416122574,
KAGAN,under this statute,4,0,1.0,0.0,1.08450157191301,-6.405938854004964,
KAGAN,you look at,9,4,0.6923076923076923,0.3076923076923077,,-6.418740474056797,
KAGAN,this kind of,9,7,0.5625,0.4375,-0.38088917220319185,-6.419487121761556,0.005141140548523795
KAGAN,to do that,6,2,0.75,0.25,0.6514973659475055,-6.420416726344309,
KAGAN,you think would,4,0,1.0,0.0,0.9561994722601531,-6.423446202843906,
KAGAN,that you have,8,8,0.5,0.5,-0.65674315661054,-6.433051369851702,0.0027162245653217566
KAGAN,saying that the,13,18,0.41935483870967744,0.5806451612903225,-0.49043105527408015,-6.434631750678753,0.002289630896101445
KAGAN,in which the,7,12,0.3684210526315789,0.631578947368421,0.5713386248726016,-6.441712446333301,
KAGAN,case in which,8,3,0.7272727272727273,0.2727272727272727,0.6616915000966241,-6.44654983261338,0.0018877960678119843
KAGAN,to do with,8,12,0.4,0.6,-0.6341483877162652,-6.447204906675864,0.0026374477537516178
KAGAN,go back to,8,13,0.38095238095238093,0.6190476190476191,-0.47370209633812177,-6.4507575767899,0.0028327523997174857
KAGAN,you saying that,6,6,0.5,0.5,,-6.454027843576942,
KAGAN,to deal with,6,3,0.6666666666666666,0.33333333333333337,0.7969930878350119,-6.454749030702228,
KAGAN,if you were,6,2,0.75,0.25,0.849281885849082,-6.455211605460816,
KAGAN,can just ask,0,0,,,0.8632507537382806,-6.455239754781193,0.00015503461227192136
KAGAN,take you back,4,3,0.5714285714285714,0.4285714285714286,0.474395027735148,-6.456967052940642,
KAGAN,can can ask,0,0,,,1.1424859272022903,-6.461167790797669,
KAGAN,or are you,6,1,0.8571428571428571,0.1428571428571429,0.9339858000252058,-6.463812597907294,
KAGAN,is there anything,2,0,1.0,0.0,0.6128490529042289,-6.465089245235427,
KAGAN,isnt that right,6,7,0.46153846153846156,0.5384615384615384,,-6.468656780004878,0.003138095103722068
KAGAN,you would think,6,4,0.6,0.4,,-6.4688302334334224,
KAGAN,talk about the,4,0,1.0,0.0,0.6849728782542279,-6.47296523516598,3.7745825384470215e-05
KAGAN,is that what,2,3,0.4,0.6,,-6.4762684865369415,
KAGAN,could you explain,2,1,0.6666666666666666,0.33333333333333337,0.51469740434009,-6.476664814850071,
SOUTER,as understand it,0,0,,,0.5333709187624268,-5.516548174628485,0.00916071527311258
SOUTER,in other words,3,4,0.42857142857142855,0.5714285714285714,1.1682666557631556,-5.629341893440603,0.003733052099016423
SOUTER,that would be,10,6,0.625,0.375,0.6049968871771036,-5.683254547542707,0.0019488905120141195
SOUTER,seems to me,31,51,0.3780487804878049,0.6219512195121951,-1.2252388181907572,-5.688803905184781,0.008897011962160983
SOUTER,it seems to,26,42,0.38235294117647056,0.6176470588235294,-0.8815716135513134,-5.690638793795595,0.010889896461864284
SOUTER,in this case,27,28,0.4909090909090909,0.509090909090909,,-5.719456019910766,0.0033927107441255587
SOUTER,that there is,18,14,0.5625,0.4375,0.29364663835321125,-5.891405754655869,0.0018690763011136086
SOUTER,would have been,9,9,0.5,0.5,0.8494179164407213,-5.919265610501814,0.0025107330585444516
SOUTER,there is no,18,16,0.5294117647058824,0.47058823529411764,,-5.933962956954971,0.002304610031496243
SOUTER,to me that,19,36,0.34545454545454546,0.6545454545454545,-0.9063311843079064,-5.977531226145025,0.010835893010881566
SOUTER,going to be,15,18,0.45454545454545453,0.5454545454545454,0.44727217977861483,-5.998607861797473,0.0021217841743931863
SOUTER,is that correct,5,5,0.5,0.5,0.5276186390628095,-6.002819823830082,
SOUTER,it would be,11,8,0.5789473684210527,0.42105263157894735,,-6.007869606323342,0.009043408463719116
SOUTER,what do you,7,5,0.5833333333333334,0.41666666666666663,,-6.038772889186911,0.005116913251141171
SOUTER,that the that,1,1,0.5,0.5,0.3335301379950375,-6.043402087610587,0.0018542553315868276
SOUTER,when you say,3,5,0.375,0.625,0.8747308989947082,-6.047882577993573,
SOUTER,is that the,12,19,0.3870967741935484,0.6129032258064516,0.2437043031226899,-6.052722478676071,0.0014636135917870691
SOUTER,the that the,1,2,0.3333333333333333,0.6666666666666667,0.5152424743842308,-6.062837611394828,0.0014846770791566005
SOUTER,with respect to,11,22,0.3333333333333333,0.6666666666666667,,-6.070800611746228,0.0015673652681142168
SOUTER,you are saying,8,5,0.6153846153846154,0.3846153846153846,0.8457346899970953,-6.088700110255462,
SOUTER,were going to,8,10,0.4444444444444444,0.5555555555555556,0.5752513499948454,-6.096172962144964,
SOUTER,what you are,7,3,0.7,0.30000000000000004,1.1572716019205604,-6.105666584606723,
SOUTER,going to get,6,6,0.5,0.5,0.9434752323937583,-6.115965443068585,0.0016070276741837455
SOUTER,im not sure,0,0,,,0.5999371379540887,-6.128890495531633,0.0014619206987253291
SOUTER,that your point,4,0,1.0,0.0,1.2343009769452964,-6.135112278828648,
SOUTER,is going to,13,19,0.40625,0.59375,-0.582295642045538,-6.142925531844104,0.003957657585651682
SOUTER,and so on,13,9,0.5909090909090909,0.40909090909090906,0.6213503036779054,-6.153041397561552,0.0014310759084503483
SOUTER,in which the,15,18,0.45454545454545453,0.5454545454545454,-0.6604039509036614,-6.165624191882305,0.006649187053288601
SOUTER,is that your,1,0,1.0,0.0,1.2189480216356712,-6.181689968795984,0.00020101247498326478
SOUTER,what they were,3,2,0.6,0.4,1.1285345235363111,-6.188126311449608,0.0018093049995297542
SOUTER,you have to,5,4,0.5555555555555556,0.4444444444444444,0.6832848619105002,-6.1888963221437425,0.0018257288115543155
SOUTER,that it is,7,7,0.5,0.5,,-6.211547127342987,0.002562898333686831
SOUTER,end of the,10,6,0.625,0.375,0.5296386762212454,-6.2157050180076086,0.001697488337046233
SOUTER,the question of,7,4,0.6363636363636364,0.36363636363636365,1.2183315412146343,-6.221964248486512,
SOUTER,the case in,7,2,0.7777777777777778,0.2222222222222222,0.9694555879316764,-6.223844987199977,0.0013118038864907574
SOUTER,cases in which,2,9,0.18181818181818182,0.8181818181818181,,-6.230162860253447,0.0033067935807228332
SOUTER,it is the,7,6,0.5384615384615384,0.46153846153846156,1.2000939328352118,-6.235806534572653,0.0023284390863761023
SOUTER,has to be,6,3,0.6666666666666666,0.33333333333333337,1.025631016843178,-6.241205216827422,
SOUTER,the end of,8,7,0.5333333333333333,0.4666666666666667,0.24484156445928565,-6.2455599309758085,
SOUTER,that the only,8,4,0.6666666666666666,0.33333333333333337,1.246483182624274,-6.249608189488978,0.0015291049367797752
SOUTER,dont want to,6,4,0.6,0.4,1.0670958464745341,-6.259111506553711,
SOUTER,back to the,6,6,0.5,0.5,0.5955654136458196,-6.259531685114928,0.0015468033857668525
SOUTER,that there was,7,16,0.30434782608695654,0.6956521739130435,-0.6464048848255655,-6.261364585620691,0.0037731632893707647
SOUTER,that the individual,2,0,1.0,0.0,0.7761524724848251,-6.262862437193081,0.0013935906916058092
SOUTER,the point of,9,11,0.45,0.55,0.5058369005451394,-6.263803875938381,0.002210376467388507
SOUTER,at the time,3,3,0.5,0.5,0.5643150794556274,-6.277021887607864,
SOUTER,part of the,7,5,0.5833333333333334,0.41666666666666663,0.7732194161425341,-6.277213029528903,
SOUTER,be regarded as,3,0,1.0,0.0,0.9755083996240691,-6.278656997072257,0.0015117933297342156
SOUTER,on your theory,4,7,0.36363636363636365,0.6363636363636364,0.6117293589727317,-6.288265422642354,
SOUTER,they have to,3,2,0.6,0.4,0.9076122989759321,-6.289148398469302,0.00208519426953439
SOUTER,would be an,6,7,0.46153846153846156,0.5384615384615384,,-6.290373402526467,
SOUTER,the fact that,10,16,0.38461538461538464,0.6153846153846154,-0.5766439752255178,-6.291189133922469,0.0028733729745763254
SOUTER,in the case,8,4,0.6666666666666666,0.33333333333333337,0.6139134502049209,-6.295547788863591,
SOUTER,what youre saying,6,3,0.6666666666666666,0.33333333333333337,,-6.295736626399052,0.001665067324371521
SOUTER,youre going to,7,6,0.5384615384615384,0.46153846153846156,,-6.305570239483086,0.002247205090814863
SOUTER,to do it,5,6,0.45454545454545453,0.5454545454545454,0.3416535324818688,-6.30931272132856,
SOUTER,because there is,3,0,1.0,0.0,1.2191340157812338,-6.310409711639355,0.00023887831496492565
SOUTER,go back to,5,1,0.8333333333333334,0.16666666666666663,1.065223135821194,-6.319563385521714,0.0016040427701014992
SOUTER,you want to,5,7,0.4166666666666667,0.5833333333333333,0.3692003251707848,-6.319813755311632,0.00018371719287435986
SOUTER,point of the,6,2,0.75,0.25,1.1730951352367207,-6.329786971683518,
SOUTER,the if the,1,0,1.0,0.0,,-6.331876167164353,
SOUTER,that in effect,5,4,0.5555555555555556,0.4444444444444444,0.9068793248119487,-6.338245768613838,
SOUTER,one of the,6,11,0.35294117647058826,0.6470588235294117,-0.4720396356149954,-6.339053930619084,0.0018331460626396878
SOUTER,what is the,2,5,0.2857142857142857,0.7142857142857143,0.4686612158773133,-6.345581156105642,
SOUTER,in in the,1,1,0.5,0.5,0.6605342483300802,-6.349204144065471,0.0002844935453923719
SOUTER,the argument that,7,7,0.5,0.5,,-6.3519624998042294,0.0031810163279470355
SOUTER,so far as,2,7,0.2222222222222222,0.7777777777777778,,-6.359543902522761,0.003422645996364223
SOUTER,understand it is,6,4,0.6,0.4,0.5022240353470258,-6.36080435625024,4.458704245911722e-05
SOUTER,if you are,6,4,0.6,0.4,0.37312119239398006,-6.362885841821736,
SOUTER,if the if,0,1,0.0,1.0,,-6.367276882697862,0.003626152350823134
SOUTER,on the other,7,6,0.5384615384615384,0.46153846153846156,0.29093926501440687,-6.36859478327714,
SOUTER,was that the,3,7,0.3,0.7,,-6.373412486694097,
SOUTER,what if the,2,1,0.6666666666666666,0.33333333333333337,1.0311763753872245,-6.379126831820556,
SOUTER,of the case,6,2,0.75,0.25,1.1163073638377685,-6.384252532222248,0.0015337051009547441
SOUTER,understand it that,4,3,0.5714285714285714,0.4285714285714286,0.2992760398630101,-6.386989031315019,
SOUTER,may not be,7,3,0.7,0.30000000000000004,0.6372829187576732,-6.39007540353857,8.73434112318167e-05
SOUTER,and that is,6,6,0.5,0.5,-0.6741502767731098,-6.392818773177801,0.0017924540466177023
SOUTER,in the first,6,3,0.6666666666666666,0.33333333333333337,0.7903380177963185,-6.395300601582,0.0003129196697282387
SOUTER,at this point,5,7,0.4166666666666667,0.5833333333333333,0.38600573393299215,-6.399602124424862,
SOUTER,but at the,0,0,,,0.9501224898457752,-6.4022288517722,
SOUTER,you do you,0,0,,,0.44025474657345903,-6.407668898015575,
SOUTER,at that point,6,4,0.6,0.4,,-6.410149733051132,
SOUTER,that is the,6,6,0.5,0.5,0.43041277872399825,-6.411583472301079,
SOUTER,the only thing,6,3,0.6666666666666666,0.33333333333333337,-0.65737245293584,-6.411824992489293,0.008073025601062073
SOUTER,are going to,5,10,0.3333333333333333,0.6666666666666667,-0.5551552693500619,-6.411957056795624,
SOUTER,case in which,6,4,0.6,0.4,,-6.414845844161215,
SOUTER,in fact be,2,1,0.6666666666666666,0.33333333333333337,0.8551564135829092,-6.416236758898948,
SOUTER,they dont have,4,3,0.5714285714285714,0.4285714285714286,0.6933118259959873,-6.423484612356568,
SOUTER,it may be,5,0,1.0,0.0,1.116066101535003,-6.4264306250556436,0.0002997113826095359
SOUTER,there was no,8,9,0.47058823529411764,0.5294117647058824,,-6.432190825880946,
SOUTER,for you to,3,2,0.6,0.4,0.34897404006191846,-6.433811506950436,0.00024191747693386165
SOUTER,do you do,0,0,,,0.3448707689688149,-6.434627911798405,
SOUTER,that he was,5,2,0.7142857142857143,0.2857142857142857,0.5454110909167228,-6.437608878813001,0.0002822955872238671
SOUTER,do you say,5,4,0.5555555555555556,0.4444444444444444,,-6.439878092639549,0.004606000173064471
SOUTER,of the of,2,2,0.5,0.5,,-6.440347903339937,0.0002613190918453849
SOUTER,the text of,4,2,0.6666666666666666,0.33333333333333337,0.9892656289068835,-6.445996273471965,
SOUTER,but if we,1,0,1.0,0.0,1.1870599411289449,-6.44695349234428,
SOUTER,the trial court,6,1,0.8571428571428571,0.1428571428571429,0.9323530900409756,-6.449135705062491,
SOUTER,and it seems,4,5,0.4444444444444444,0.5555555555555556,0.24467665356337676,-6.455111848608883,
